[15:00:04] [main/INFO] (FabricLoader/GameProvider) Loading Minecraft 26.3 with Fabric Loader 0.19.5
[15:00:04] [main/INFO] (FabricLoader/Mappings) Mappings not present!
[15:00:04] [main/INFO] (FabricLoader) Loading 53 mods:
	- airdefense 1.48.0
	- airdefense-test 1.0.0
	- fabric-advancement-api-v1 1.0.0+38c7a2d55d
	- fabric-api 0.161.0+26.3
	- fabric-api-base 2.0.6+fcdff87f5d
	- fabric-api-lookup-api-v1 2.0.24+3434d6d95d
	- fabric-biome-api-v1 20.0.9+74ed1ea55d
	- fabric-block-api-v1 3.1.0+0ae6f9115d
	- fabric-block-getter-api-v2 2.0.9+3434d6d95d
	- fabric-client-gametest-api-v1 6.0.7+4be74c3f5d
	- fabric-command-api-v2 3.1.2+fcdff87f5d
	- fabric-content-registries-v0 15.0.4+74ed1ea55d
	- fabric-convention-tags-v2 4.10.3+6b5b47fd5d
	- fabric-crash-report-info-v1 1.0.7+fcdff87f5d
	- fabric-creative-tab-api-v1 5.0.21+fcdff87f5d
	- fabric-data-attachment-api-v1 2.2.30+3434d6d95d
	- fabric-data-generation-api-v1 27.2.4+427eab975d
	- fabric-debug-api-v1 1.0.4+3434d6d95d
	- fabric-dimensions-v1 5.1.19+47f74c985d
	- fabric-entity-events-v1 6.0.4+3434d6d95d
	- fabric-events-interaction-v0 5.3.6+3434d6d95d
	- fabric-game-rule-api-v1 4.0.10+3434d6d95d
	- fabric-gametest-api-v1 4.0.32+3434d6d95d
	- fabric-item-api-v1 14.7.0+cf6bc2db5d
	- fabric-key-mapping-api-v1 2.0.8+3434d6d95d
	- fabric-lifecycle-events-v1 4.1.9+ffef5f675d
	- fabric-loot-api-v3 4.0.8+4068fd645d
	- fabric-menu-api-v1 2.0.27+ed66f0a35d
	- fabric-message-api-v1 7.0.10+3434d6d95d
	- fabric-model-loading-api-v1 8.0.35+fcdff87f5d
	- fabric-networking-api-v1 6.3.8+fcdff87f5d
	- fabric-object-builder-api-v1 24.1.9+3434d6d95d
	- fabric-particles-v1 5.0.24+3434d6d95d
	- fabric-permission-api-v1 1.0.8+fcdff87f5d
	- fabric-recipe-api-v1 10.0.8+fcdff87f5d
	- fabric-registry-sync-v0 8.0.1+fcdff87f5d
	- fabric-renderer-api-v1 17.0.15+79385d0b5d
	- fabric-renderer-indigo 9.1.23+b9d63e335d
	- fabric-rendering-fluids-v1 6.0.6+3434d6d95d
	- fabric-rendering-v1 27.0.14+901a437c5d
	- fabric-resource-conditions-api-v1 6.1.5+3434d6d95d
	- fabric-resource-loader-v0 3.3.26+4fc5413f5d
	- fabric-resource-loader-v1 3.0.4+fcdff87f5d
	- fabric-screen-api-v1 5.2.4+48607d035d
	- fabric-serialization-api-v1 2.0.7+74ed1ea55d
	- fabric-sound-api-v1 2.0.7+3434d6d95d
	- fabric-tag-api-v1 2.1.10+fcdff87f5d
	- fabric-transfer-api-v1 8.0.25+fcdff87f5d
	- fabric-transitive-access-wideners-v1 8.1.16+52268a0e5d
	- fabricloader 0.19.5
	- java 25
	- minecraft 26.3
	- mixinextras 0.5.5
[15:00:04] [main/INFO] (FabricLoader/Mixin) SpongePowered MIXIN Subsystem Version=0.8.7 Source=file:/home/runner/.gradle/caches/modules-2/files-2.1/net.fabricmc/sponge-mixin/0.17.4+mixin.0.8.7/5f66cc9f59b8efaa942155a3d5a30599bf6640dd/sponge-mixin-0.17.4+mixin.0.8.7.jar Service=Knot/Fabric Env=CLIENT
[15:00:06] [main/INFO] (FabricLoader/MixinExtras|Service) Initializing MixinExtras via com.llamalad7.mixinextras.service.MixinExtrasServiceImpl(version=0.5.5).
[15:00:07] [Datafixer Bootstrap #0/INFO] (Minecraft) 307 Datafixer optimizations took 461 milliseconds
[15:00:12] [Render thread/INFO] (Minecraft) Environment: Environment[discoveryUrl=https://discovery.minecraftservices.com/minecraft/client, name=PROD]
[15:00:12] [Render thread/INFO] (Minecraft) Setting user: Player0
[15:00:12] [Render thread/INFO] (airdefense) Stasdoto Air Defense loaded
[15:00:12] [Render thread/INFO] (Indigo) [Indigo] Registering Indigo renderer!
[15:00:12] [Download-2/ERROR] (Minecraft) Failed to fetch user properties
com.mojang.authlib.exceptions.InvalidCredentialsException: Status: 401
	at knot//com.mojang.authlib.exceptions.MinecraftClientHttpException.toAuthenticationException(MinecraftClientHttpException.java:70)
	at knot//com.mojang.authlib.services.MinecraftServicesUserApiService.fetchProperties(MinecraftServicesUserApiService.java:168)
	at knot//net.minecraft.client.Minecraft.lambda$new$1(Minecraft.java:451)
	at java.base/java.util.concurrent.CompletableFuture$AsyncSupply.run(CompletableFuture.java:1789)
	at java.base/java.util.concurrent.ThreadPoolExecutor.runWorker(ThreadPoolExecutor.java:1090)
	at java.base/java.util.concurrent.ThreadPoolExecutor$Worker.run(ThreadPoolExecutor.java:614)
	at java.base/java.lang.Thread.run(Thread.java:1474)
Caused by: MinecraftClientHttpException[type=HTTP_ERROR, status=401, response=ErrorResponse[path=/player/attributes, error=null, errorMessage=null, details=null]]
	at knot//com.mojang.authlib.minecraft.client.MinecraftClient.buildHttpException(MinecraftClient.java:170)
	at knot//com.mojang.authlib.minecraft.client.MinecraftClient.readServiceResponse(MinecraftClient.java:147)
	at knot//com.mojang.authlib.minecraft.client.MinecraftClient.getWithEtag(MinecraftClient.java:81)
	at knot//com.mojang.authlib.minecraft.client.MinecraftClient.get(MinecraftClient.java:65)
	at knot//com.mojang.authlib.services.MinecraftServicesUserApiService.fetchProperties(MinecraftServicesUserApiService.java:118)
	... 5 more
[15:00:12] [Render thread/ERROR] (Minecraft) Illegal option value 0 for Anisotropic Filtering
[15:00:12] [Render thread/INFO] (Minecraft) Backend library: LWJGL version 3.4.3-snapshot
[15:00:12] [Render thread/INFO] (Minecraft) SDL [SYSTEM]: App name: Minecraft
[15:00:12] [Render thread/INFO] (Minecraft) SDL [SYSTEM]: App version: 26.3
[15:00:12] [Render thread/INFO] (Minecraft) SDL [SYSTEM]: App ID: com.mojang.minecraft
[15:00:12] [Render thread/INFO] (Minecraft) SDL [SYSTEM]: SDL revision: SDL-3.4.14--128-NOTFOUND
[15:00:13] [Render thread/ERROR] (Minecraft) Failed to create backend OpenGL
com.mojang.renderpearl.api.device.BackendCreationException: Failed to create window for OpenGL context: Couldn't find matching GLX visual
	at knot//com.mojang.renderpearl.backend.opengl.GlDevice.<init>(GlDevice.java:83)
	at knot//com.mojang.renderpearl.backend.opengl.GlBackend.createDevice(GlBackend.java:68)
	at knot//net.minecraft.client.Minecraft.<init>(Minecraft.java:533)
	at knot//net.minecraft.client.main.Main.main(Main.java:278)
	at net.fabricmc.loader.impl.game.minecraft.MinecraftGameProvider.launch(MinecraftGameProvider.java:517)
	at net.fabricmc.loader.impl.launch.knot.Knot.launch(Knot.java:72)
	at net.fabricmc.loader.impl.launch.knot.KnotClient.main(KnotClient.java:23)
	at net.fabricmc.devlaunchinjector.Main.main(Main.java:86)
[15:00:13] [Render thread/INFO] (Minecraft) Optional FeatureSet [AMD Buffer Marker] not supported
[15:00:13] [Render thread/INFO] (Minecraft) Enabling optional FeatureSet [Calibrated Timestamps]
[15:00:13] [Render thread/INFO] (Minecraft) Optional FeatureSet [NV Diagnostic Checkpoint] not supported
[15:00:13] [Render thread/INFO] (Minecraft) Enabling optional FeatureSet [Wireframe]
[15:00:13] [Render thread/INFO] (Minecraft) Enabling optional FeatureSet [EXT MultiDraw]
[15:00:13] [Render thread/INFO] (Minecraft) Using graphics backend Vulkan, using drivers: 1.4.318 llvmpipe Mesa 25.2.8-0ubuntu0.24.04.4 (LLVM 20.1.2)
[15:00:13] [Render thread/INFO] (Minecraft) Using graphics device: llvmpipe (LLVM 20.1.2, 256 bits) (0x10005)
[15:00:13] [Render thread/INFO] (Minecraft) Using graphics device extensions: VK_EXT_calibrated_timestamps (D), VK_KHR_synchronization2 (D), VK_EXT_multi_draw (D), VK_EXT_vertex_attribute_divisor (D), VK_KHR_swapchain (D), VK_KHR_surface (I), VK_KHR_push_descriptor (D), VK_KHR_xlib_surface (I), VK_EXT_debug_utils (I), VK_KHR_dynamic_rendering (D)
[15:00:13] [Render thread/INFO] (Minecraft) Created window using SDL video driver: x11
[15:00:14] [Download-1/INFO] (Minecraft) Could not authorize you against Realms server: java.lang.RuntimeException: Failed to parse into SignedJWT: FabricMC
[15:00:14] [Download-1/ERROR] (Minecraft) Failed to fetch Realms feature flags
com.mojang.realmsclient.exception.RealmsServiceException: Realms authentication error with message 'java.lang.RuntimeException: Failed to parse into SignedJWT: FabricMC'
	at knot//com.mojang.realmsclient.client.RealmsClient.execute(RealmsClient.java:625)
	at knot//com.mojang.realmsclient.client.RealmsClient.fetchFeatureFlags(RealmsClient.java:204)
	at java.base/java.util.concurrent.CompletableFuture$AsyncSupply.run(CompletableFuture.java:1789)
	at java.base/java.util.concurrent.ThreadPoolExecutor.runWorker(ThreadPoolExecutor.java:1090)
	at java.base/java.util.concurrent.ThreadPoolExecutor$Worker.run(ThreadPoolExecutor.java:614)
	at java.base/java.lang.Thread.run(Thread.java:1474)
[15:00:14] [Render thread/ERROR] (Minecraft) Error while loading the narrator
com.mojang.text2speech.Narrator$InitializeException: Failed to load library flite
	at knot//com.mojang.text2speech.NarratorLinux$FliteLibrary.loadNative(NarratorLinux.java:82)
	at knot//com.mojang.text2speech.NarratorLinux.<init>(NarratorLinux.java:19)
	at knot//com.mojang.text2speech.Narrator.getNarrator(Narrator.java:41)
	at knot//net.minecraft.client.GameNarrator.<init>(GameNarrator.java:20)
	at knot//net.minecraft.client.Minecraft.<init>(Minecraft.java:740)
	at knot//net.minecraft.client.main.Main.main(Main.java:278)
	at net.fabricmc.loader.impl.game.minecraft.MinecraftGameProvider.launch(MinecraftGameProvider.java:517)
	at net.fabricmc.loader.impl.launch.knot.Knot.launch(Knot.java:72)
	at net.fabricmc.loader.impl.launch.knot.KnotClient.main(KnotClient.java:23)
	at net.fabricmc.devlaunchinjector.Main.main(Main.java:86)
Caused by: java.lang.UnsatisfiedLinkError: Unable to load library 'flite':
libflite.so: cannot open shared object file: No such file or directory
libflite.so: cannot open shared object file: No such file or directory
Native library (linux-x86-64/libflite.so) not found in resource path (/home/runner/work/airdefense-mod/airdefense-mod/build/classes/java/gametest:/home/runner/work/airdefense-mod/airdefense-mod/build/resources/gametest:/home/runner/.gradle/caches/modules-2/files-2.1/net.fabricmc/fabric-loader/0.19.5/ff9e65cffca4a67f31523e1807fe0855940fcbfa/fabric-loader-0.19.5.jar:/home/runner/.gradle/caches/modules-2/files-2.1/net.fabricmc.fabric-api/fabric-api/0.161.0+26.3/53f9ee02c3702734d90520aa8c9719bf0e1c8d4f/fabric-api-0.161.0+26.3.jar:/home/runner/.gradle/caches/modules-2/files-2.1/org.ow2.asm/asm/9.10.1/ada2141c0cc52ee8f5c48cd5fa4ce0e794f22236/asm-9.10.1.jar:/home/runner/.gradle/caches/modules-2/files-2.1/org.ow2.asm/asm-analysis/9.10.1/8d49f14d51f632cb1d87c88d1ceaf50db0d8af1b/asm-analysis-9.10.1.jar:/home/runner/.gradle/caches/modules-2/files-2.1/org.ow2.asm/asm-commons/9.10.1/4229e4c55fd8e01c23f9fe9884075cc628aacc50/asm-commons-9.10.1.jar:/home/runner/.gradle/caches/modules-2/files-2.1/org.ow2.asm/asm-tree/9.10.1/e244332a17564c1d1572449399a842de35881be2/asm-tree-9.10.1.jar:/home/runner/.gradle/caches/modules-2/files-2.1/org.ow2.asm/asm-util/9.10.1/7bb9d450e8d4cbf9f9e04096c44bbfe7fba80b15/asm-util-9.10.1.jar:/home/runner/.gradle/caches/modules-2/files-2.1/net.fabricmc/sponge-mixin/0.17.4+mixin.0.8.7/5f66cc9f59b8efaa942155a3d5a30599bf6640dd/sponge-mixin-0.17.4+mixin.0.8.7.jar:/home/runner/.gradle/caches/modules-2/files-2.1/io.github.llamalad7/mixinextras-fabric/0.5.5/d1055b99c0ab08a8403fe2da3d79ca28e6340a76/mixinextras-fabric-0.5.5.jar:/home/runner/.gradle/caches/modules-2/files-2.1/net.fabricmc/dev-launch-injector/0.2.1+build.8/da8bef7e6e2f952da707f282bdb46882a0fce5e3/dev-launch-injector-0.2.1+build.8.jar:/home/runner/.gradle/caches/modules-2/files-2.1/net.fabricmc/fabric-log4j-util/1.0.2/ef0b3fb613356feb75a67d54f2fad6f03a006648/fabric-log4j-util-1.0.2.jar:/home/runner/.gradle/caches/modules-2/files-2.1/at.yawk.lz4/lz4-java/1.10.1/f541d7f910fe3d76f38f799c507c48cc81b12ecb/lz4-java-1.10.1.jar:/home/runner/.gradle/caches/modules-2/files-2.1/com.azure/azure-json/1.4.0/fcc1d354dbc3e0300e5276b1bf124d0247799cd8/azure-json-1.4.0.jar:/home/runner/.gradle/caches/modules-2/files-2.1/com.github.oshi/oshi-core/6.9.0/3224870731860cfcd7744581a05b559e94291e7/oshi-core-6.9.0.jar:/home/runner/.gradle/caches/modules-2/files-2.1/com.google.code.gson/gson/2.14.0/efc0e34ede4e3204eaefb84a00e55e8c86634382/gson-2.14.0.jar:/home/runner/.gradle/caches/modules-2/files-2.1/com.google.guava/failureaccess/1.0.3/aeaffd00d57023a2c947393ed251f0354f0985fc/failureaccess-1.0.3.jar:/home/runner/.gradle/caches/modules-2/files-2.1/com.google.guava/guava/33.6.0-jre/c376b13067cc99a5774403530953f7b05a91e218/guava-33.6.0-jre.jar:/home/runner/.gradle/caches/modules-2/files-2.1/com.ibm.icu/icu4j/78.3/6a851a53bb1f25689fc418dcc8935b0d93580adf/icu4j-78.3.jar:/home/runner/.gradle/caches/modules-2/files-2.1/com.microsoft.azure/msal4j/1.24.1/c233f2d047b9755f7041adf21a858c680e4c9242/msal4j-1.24.1.jar:/home/runner/.gradle/caches/modules-2/files-2.1/com.mojang/authlib/10.0.77/add8754cda96cf0cd840441632875648836f8a71/authlib-10.0.77.jar:/home/runner/.gradle/caches/modules-2/files-2.1/com.mojang/blocklist/1.0.10/5c685c5ffa94c4cd39496c7184c1d122e515ecef/blocklist-1.0.10.jar:/home/runner/.gradle/caches/modules-2/files-2.1/com.mojang/brigadier/1.3.11/3373d1e7bf00c8b99bed1ea4efb8c47344e4a887/brigadier-1.3.11.jar:/home/runner/.gradle/caches/modules-2/files-2.1/com.mojang/datafixerupper/10.0.21/b6b2ae770c02e0c1eb90f9985b151e9085a38d0b/datafixerupper-10.0.21.jar:/home/runner/.gradle/caches/modules-2/files-2.1/com.mojang/jtracy/1.14.38/cc2ad81342001b4281c305a298d7f50332354058/jtracy-1.14.38.jar:/home/runner/.gradle/caches/modules-2/files-2.1/com.mojang/jtracy/1.14.38/d2433300f8a4e99595d513546d19ecddc3eaa15e/jtracy-1.14.38-natives-linux.jar:/home/runner/.gradle/caches/modules-2/files-2.1/com.mojang/logging/1.7.12/351cea64a5233361327d8d54c44277041beed97f/logging-1.7.12.jar:/home/runner/.gradle/caches/modules-2/files-2.1/com.mojang/patchy/2.2.10/da05971b07cbb379d002cf7eaec6a2048211fefc/patchy-2.2.10.jar:/home/runner/.gradle/caches/modules-2/files-2.1/com.mojang/text2speech/1.19.12/2e517a75c79d34d32de2b5d68422150836c2133e/text2speech-1.19.12.jar:/home/runner/.gradle/caches/modules-2/files-2.1/commons-codec/commons-codec/1.22.0/6b3eb4beb7058c2a638f5f17bcb388649fd339dd/commons-codec-1.22.0.jar:/home/runner/.gradle/caches/modules-2/files-2.1/commons-io/commons-io/2.20.0/36f3474daec2849c149e877614e7f979b2082cd2/commons-io-2.20.0.jar:/home/runner/.gradle/caches/modules-2/files-2.1/io.netty/netty-buffer/4.2.16.Final/5397ef65dcb60670e0e0dba4854522873af3070/netty-buffer-4.2.16.Final.jar:/home/runner/.gradle/caches/modules-2/files-2.1/io.netty/netty-codec-base/4.2.16.Final/1a01d45a9efc228c6d747525848b065e0656b5f/netty-codec-base-4.2.16.Final.jar:/home/runner/.gradle/caches/modules-2/files-2.1/io.netty/netty-codec-compression/4.2.16.Final/bdbbcfcdbe217b95c14a04df4fc5d31213d5c27c/netty-codec-compression-4.2.16.Final.jar:/home/runner/.gradle/caches/modules-2/files-2.1/io.netty/netty-codec-http/4.2.16.Final/b5e0715df90047ee5a0138c8f704f43c751009e4/netty-codec-http-4.2.16.Final.jar:/home/runner/.gradle/caches/modules-2/files-2.1/io.netty/netty-common/4.2.16.Final/c2bc7fa5acfa2afc777e944d84f0aa65559cc81e/netty-common-4.2.16.Final.jar:/home/runner/.gradle/caches/modules-2/files-2.1/io.netty/netty-handler/4.2.16.Final/cc82873ae4b6d14effe480740ad838de09add70d/netty-handler-4.2.16.Final.jar:/home/runner/.gradle/caches/modules-2/files-2.1/io.netty/netty-resolver/4.2.16.Final/fcea6d64273b59ab9127b68c16ae98af34642139/netty-resolver-4.2.16.Final.jar:/home/runner/.gradle/caches/modules-2/files-2.1/io.netty/netty-transport-classes-epoll/4.2.16.Final/cf90c7b892e284ba9f1545dce170168369b3b9d6/netty-transport-classes-epoll-4.2.16.Final.jar:/home/runner/.gradle/caches/modules-2/files-2.1/io.netty/netty-transport-classes-kqueue/4.2.16.Final/fa2bcf8c71626510f6fae173f78182117b70f7a/netty-transport-classes-kqueue-4.2.16.Final.jar:/home/runner/.gradle/caches/modules-2/files-2.1/io.netty/netty-transport-native-epoll/4.2.16.Final/eed34f3b37b4c46a0cbb49456ccc4e3bd7195e4c/netty-transport-native-epoll-4.2.16.Final-linux-aarch_64.jar:/home/runner/.gradle/caches/modules-2/files-2.1/io.netty/netty-transport-native-epoll/4.2.16.Final/439c24f5c27c220deb042b42e4048d606edeb78d/netty-transport-native-epoll-4.2.16.Final-linux-x86_64.jar:/home/runner/.gradle/caches/modules-2/files-2.1/io.netty/netty-transport-native-unix-common/4.2.16.Final/3cf32390f1b80af890ac44aa0698c2ff58c2a4d7/netty-transport-native-unix-common-4.2.16.Final.jar:/home/runner/.gradle/caches/modules-2/files-2.1/io.netty/netty-transport/4.2.16.Final/ae87a3bec51d503475a19fbd718bf777f2fc06c6/netty-transport-4.2.16.Final.jar:/home/runner/.gradle/caches/modules-2/files-2.1/it.unimi.dsi/fastutil/8.5.18/a6cff377eecc19c2037bf31568a6d7106b50ba1f/fastutil-8.5.18.jar:/home/runner/.gradle/caches/modules-2/files-2.1/net.java.dev.jna/jna-platform/5.17.0/a4934c44d25a9d8c2ddf4203affd20330cb3426f/jna-platform-5.17.0.jar:/home/runner/.gradle/caches/modules-2/files-2.1/net.java.dev.jna/jna/5.17.0/33d12735bef894440780fce64f9758d420c7bae2/jna-5.17.0.jar:/home/runner/.gradle/caches/modules-2/files-2.1/net.sf.jopt-simple/jopt-simple/5.0.4/4fdac2fbe92dfad86aa6e9301736f6b4342a3f5c/jopt-simple-5.0.4.jar:/home/runner/.gradle/caches/modules-2/files-2.1/org.apache.commons/commons-compress/1.28.0/e482f2c7a88dac3c497e96aa420b6a769f59c8d7/commons-compress-1.28.0.jar:/home/runner/.gradle/caches/modules-2/files-2.1/org.apache.commons/commons-lang3/3.20.0/65897b3e5731220962e659e001904af3c3cbeba9/commons-lang3-3.20.0.jar:/home/runner/.gradle/caches/modules-2/files-2.1/org.apache.logging.log4j/log4j-api/2.26.0/ad52af0ecf054a7e3f275a2e180ee06d9c490951/log4j-api-2.26.0.jar:/home/runner/.gradle/caches/modules-2/files-2.1/org.apache.logging.log4j/log4j-core/2.26.0/d267ca60b27ddb075e0b4e75e7875859717bf85f/log4j-core-2.26.0.jar:/home/runner/.gradle/caches/modules-2/files-2.1/org.apache.logging.log4j/log4j-slf4j2-impl/2.26.0/668c0f0e813d83f00a7182533aa658ec7e7a0a0d/log4j-slf4j2-impl-2.26.0.jar:/home/runner/.gradle/caches/modules-2/files-2.1/org.jcraft/jorbis/0.0.17/8872d22b293e8f5d7d56ff92be966e6dc28ebdc6/jorbis-0.0.17.jar:/home/runner/.gradle/caches/modules-2/files-2.1/org.joml/joml/1.10.9/438e036486bad66b189bff385dd07dea4f74a146/joml-1.10.9.jar:/home/runner/.gradle/caches/modules-2/files-2.1/org.jspecify/jspecify/1.0.0/7425a601c1c7ec76645a78d22b8c6a627edee507/jspecify-1.0.0.jar:/home/runner/.gradle/caches/modules-2/files-2.1/org.lwjgl/lwjgl-freetype/3.4.3/d2b12961d44f92860fb1ab501f9c69b7a2975236/lwjgl-freetype-3.4.3.jar:/home/runner/.gradle/caches/modules-2/files-2.1/org.lwjgl/lwjgl-freetype/3.4.3/38f27c9a0fbe000bfb38b295c32944d699e246e9/lwjgl-freetype-3.4.3-natives-linux.jar:/home/runner/.gradle/caches/modules-2/files-2.1/org.lwjgl/lwjgl-jemalloc/3.4.3/350f317eaf5295b1e53f6664ef5fdeeaaa7dcbf0/lwjgl-jemalloc-3.4.3.jar:/home/runner/.gradle/caches/modules-2/files-2.1/org.lwjgl/lwjgl-jemalloc/3.4.3/ca21b4b4c6d223907de645a18436ef6f677a5d4f/lwjgl-jemalloc-3.4.3-natives-linux.jar:/home/runner/.gradle/caches/modules-2/files-2.1/org.lwjgl/lwjgl-openal/3.4.3/32b52cda5af6937a4e4bd321bdb83082025cb332/lwjgl-openal-3.4.3.jar:/home/runner/.gradle/caches/modules-2/files-2.1/org.lwjgl/lwjgl-openal/3.4.3/7daa62f9f7b38b30e8a3d3bc7069e9b2e3cd52f0/lwjgl-openal-3.4.3-natives-linux.jar:/home/runner/.gradle/caches/modules-2/files-2.1/org.lwjgl/lwjgl-opengl/3.4.3/b81769ee48050f8c71e70839505f350bf9219d90/lwjgl-opengl-3.4.3.jar:/home/runner/.gradle/caches/modules-2/files-2.1/org.lwjgl/lwjgl-opengl/3.4.3/ec6fb42167943e94f7f0b14707c1737653c4044b/lwjgl-opengl-3.4.3-natives-linux.jar:/home/runner/.gradle/caches/modules-2/files-2.1/org.lwjgl/lwjgl-sdl/3.4.3/c02146735d6ff70d070c73532b435e5c893a346b/lwjgl-sdl-3.4.3.jar:/home/runner/.gradle/caches/modules-2/files-2.1/org.lwjgl/lwjgl-sdl/3.4.3/6ed1b80b7c211a491612c70e43f27ba1f42cccd0/lwjgl-sdl-3.4.3-natives-linux.jar:/home/runner/.gradle/caches/modules-2/files-2.1/org.lwjgl/lwjgl-shaderc/3.4.3/ba9fbc8fc4d50b3e4b436cc958ddb4abdb05867c/lwjgl-shaderc-3.4.3.jar:/home/runner/.gradle/caches/modules-2/files-2.1/org.lwjgl/lwjgl-shaderc/3.4.3/37faa5824f75901f4961e56805aedf68e13cf8b/lwjgl-shaderc-3.4.3-natives-linux.jar:/home/runner/.gradle/caches/modules-2/files-2.1/org.lwjgl/lwjgl-spvc/3.4.3/98e5b5ef5159100b26a169a9aed6c24e820e3eaa/lwjgl-spvc-3.4.3.jar:/home/runner/.gradle/caches/modules-2/files-2.1/org.lwjgl/lwjgl-spvc/3.4.3/709eb01deec4bdafb7634b125a63fd8de172fc50/lwjgl-spvc-3.4.3-natives-linux.jar:/home/runner/.gradle/caches/modules-2/files-2.1/org.lwjgl/lwjgl-stb/3.4.3/cdce54785bd3758e44a81f345d6260774d921c78/lwjgl-stb-3.4.3.jar:/home/runner/.gradle/caches/modules-2/files-2.1/org.lwjgl/lwjgl-stb/3.4.3/3878e44ce27c12791e570b5c8754ef3b68401dd3/lwjgl-stb-3.4.3-natives-linux.jar:/home/runner/.gradle/caches/modules-2/files-2.1/org.lwjgl/lwjgl-vma/3.4.3/816a6ac87f1e447e5346ca0e7a1078353f51fbd6/lwjgl-vma-3.4.3.jar:/home/runner/.gradle/caches/modules-2/files-2.1/org.lwjgl/lwjgl-vma/3.4.3/3a9a95d3e83f7fc49c6ed8d0e1c853b77662d90e/lwjgl-vma-3.4.3-natives-linux.jar:/home/runner/.gradle/caches/modules-2/files-2.1/org.lwjgl/lwjgl-vulkan/3.4.3/ffdaf1898192059f059d66f9fa37e3debcac10e0/lwjgl-vulkan-3.4.3.jar:/home/runner/.gradle/caches/modules-2/files-2.1/org.lwjgl/lwjgl/3.4.3/7ab5265a73d8a959ed62332d546536ae6be2f0d5/lwjgl-3.4.3.jar:/home/runner/.gradle/caches/modules-2/files-2.1/org.lwjgl/lwjgl/3.4.3/2800e134537db1a175eba41c430b1018eddc48f0/lwjgl-3.4.3-natives-linux.jar:/home/runner/.gradle/caches/modules-2/files-2.1/org.slf4j/slf4j-api/2.0.17/d9e58ac9c7779ba3bf8142aff6c830617a7fe60f/slf4j-api-2.0.17.jar:/home/runner/work/airdefense-mod/airdefense-mod/.gradle/loom-cache/minecraftMaven/net/minecraft/minecraft-clientOnly-7e9a32a5b8/26.3/minecraft-clientOnly-7e9a32a5b8-26.3.jar:/home/runner/work/airdefense-mod/airdefense-mod/.gradle/loom-cache/minecraftMaven/net/minecraft/minecraft-common-7e9a32a5b8/26.3/minecraft-common-7e9a32a5b8-26.3.jar:/home/runner/.gradle/caches/modules-2/files-2.1/io.netty/netty-transport-native-kqueue/4.2.16.Final/dd9d41b06355a6a1815d902ee087a693aab83755/netty-transport-native-kqueue-4.2.16.Final-osx-x86_64.jar:/home/runner/.gradle/caches/modules-2/files-2.1/io.netty/netty-transport-native-kqueue/4.2.16.Final/ddb942cad6c0e978caa2215757512b36c5ffacec/netty-transport-native-kqueue-4.2.16.Final-osx-aarch_64.jar:/home/runner/.gradle/caches/modules-2/files-2.1/net.fabricmc.fabric-api/fabric-advancement-api-v1/1.0.0+38c7a2d55d/54c209419f01d579761838892772d4196436752b/fabric-advancement-api-v1-1.0.0+38c7a2d55d.jar:/home/runner/.gradle/caches/modules-2/files-2.1/net.fabricmc.fabric-api/fabric-transfer-api-v1/8.0.25+fcdff87f5d/4680f760ffbd28c38f899488ded76fd7c26082c8/fabric-transfer-api-v1-8.0.25+fcdff87f5d.jar:/home/runner/.gradle/caches/modules-2/files-2.1/net.fabricmc.fabric-api/fabric-api-lookup-api-v1/2.0.24+3434d6d95d/29c412a6baf8e69bf71cab6b7a65b5096ff29a3/fabric-api-lookup-api-v1-2.0.24+3434d6d95d.jar:/home/runner/.gradle/caches/modules-2/files-2.1/net.fabricmc.fabric-api/fabric-block-api-v1/3.1.0+0ae6f9115d/78badf0c664259627830111f2ac0ad2f9f0ff2f7/fabric-block-api-v1-3.1.0+0ae6f9115d.jar:/home/runner/.gradle/caches/modules-2/files-2.1/net.fabricmc.fabric-api/fabric-command-api-v2/3.1.2+fcdff87f5d/69de6c0f1f5926309dad2cd9569027a6d4d99493/fabric-command-api-v2-3.1.2+fcdff87f5d.jar:/home/runner/.gradle/caches/modules-2/files-2.1/net.fabricmc.fabric-api/fabric-content-registries-v0/15.0.4+74ed1ea55d/c316198aeaa747228437e01f8c81efb134dca9f2/fabric-content-registries-v0-15.0.4+74ed1ea55d.jar:/home/runner/.gradle/caches/modules-2/files-2.1/net.fabricmc.fabric-api/fabric-data-generation-api-v1/27.2.4+427eab975d/55b45df85af5f43366fc4a0943f9bf3d5950d2c/fabric-data-generation-api-v1-27.2.4+427eab975d.jar:/home/runner/.gradle/caches/modules-2/files-2.1/net.fabricmc.fabric-api/fabric-convention-tags-v2/4.10.3+6b5b47fd5d/4e4591576deeb6317809bc11e50ecf32a0212c1f/fabric-convention-tags-v2-4.10.3+6b5b47fd5d.jar:/home/runner/.gradle/caches/modules-2/files-2.1/net.fabricmc.fabric-api/fabric-creative-tab-api-v1/5.0.21+fcdff87f5d/c0d1736c1f7b6166f1925eb0bd79f9c97cd1494/fabric-creative-tab-api-v1-5.0.21+fcdff87f5d.jar:/home/runner/.gradle/caches/modules-2/files-2.1/net.fabricmc.fabric-api/fabric-data-attachment-api-v1/2.2.30+3434d6d95d/b31a17053b2113fde7011d5caa54871071f38fe/fabric-data-attachment-api-v1-2.2.30+3434d6d95d.jar:/home/runner/.gradle/caches/modules-2/files-2.1/net.fabricmc.fabric-api/fabric-debug-api-v1/1.0.4+3434d6d95d/e4812b5812a9d92b97604bdf2737780d3cc7612e/fabric-debug-api-v1-1.0.4+3434d6d95d.jar:/home/runner/.gradle/caches/modules-2/files-2.1/net.fabricmc.fabric-api/fabric-dimensions-v1/5.1.19+47f74c985d/2d10026da0876c1e887b512b26d2813a1646c132/fabric-dimensions-v1-5.1.19+47f74c985d.jar:/home/runner/.gradle/caches/modules-2/files-2.1/net.fabricmc.fabric-api/fabric-entity-events-v1/6.0.4+3434d6d95d/731754a9bdfc6784a41d8fb17cd6c08f58fe31e0/fabric-entity-events-v1-6.0.4+3434d6d95d.jar:/home/runner/.gradle/caches/modules-2/files-2.1/net.fabricmc.fabric-api/fabric-events-interaction-v0/5.3.6+3434d6d95d/de80f4728f8559f8e126b857288af8a27da57b81/fabric-events-interaction-v0-5.3.6+3434d6d95d.jar:/home/runner/.gradle/caches/modules-2/files-2.1/net.fabricmc.fabric-api/fabric-game-rule-api-v1/4.0.10+3434d6d95d/3f73b9e94995f6f8a0d38955b98b67ac8d6bb089/fabric-game-rule-api-v1-4.0.10+3434d6d95d.jar:/home/runner/.gradle/caches/modules-2/files-2.1/net.fabricmc.fabric-api/fabric-gametest-api-v1/4.0.32+3434d6d95d/ced6a55e4623994919224b07750f05231dad8c22/fabric-gametest-api-v1-4.0.32+3434d6d95d.jar:/home/runner/.gradle/caches/modules-2/files-2.1/net.fabricmc.fabric-api/fabric-item-api-v1/14.7.0+cf6bc2db5d/9d9e319928f67f49029c86ae56d0414997a534ac/fabric-item-api-v1-14.7.0+cf6bc2db5d.jar:/home/runner/.gradle/caches/modules-2/files-2.1/net.fabricmc.fabric-api/fabric-recipe-api-v1/10.0.8+fcdff87f5d/16ab72f3b3cc37f758a1ac01817b3909b02ce736/fabric-recipe-api-v1-10.0.8+fcdff87f5d.jar:/home/runner/.gradle/caches/modules-2/files-2.1/net.fabricmc.fabric-api/fabric-model-loading-api-v1/8.0.35+fcdff87f5d/51079fee66e5b86d8092981bb1cd19d40a97491e/fabric-model-loading-api-v1-8.0.35+fcdff87f5d.jar:/home/runner/.gradle/caches/modules-2/files-2.1/net.fabricmc.fabric-api/fabric-renderer-indigo/9.1.23+b9d63e335d/d3277e5c11edc7f939ac3ed7f189de56905561c7/fabric-renderer-indigo-9.1.23+b9d63e335d.jar:/home/runner/.gradle/caches/modules-2/files-2.1/net.fabricmc.fabric-api/fabric-renderer-api-v1/17.0.15+79385d0b5d/48172c900e57dbf125490cd132e04fdfdecac7e8/fabric-renderer-api-v1-17.0.15+79385d0b5d.jar:/home/runner/.gradle/caches/modules-2/files-2.1/net.fabricmc.fabric-api/fabric-rendering-v1/27.0.14+901a437c5d/b7b356249f2c16fa58410e8c7694c75f0468a403/fabric-rendering-v1-27.0.14+901a437c5d.jar:/home/runner/.gradle/caches/modules-2/files-2.1/net.fabricmc.fabric-api/fabric-lifecycle-events-v1/4.1.9+ffef5f675d/4184b98a6c1dbfcf6c63dab29cf7f5812d9eaf73/fabric-lifecycle-events-v1-4.1.9+ffef5f675d.jar:/home/runner/.gradle/caches/modules-2/files-2.1/net.fabricmc.fabric-api/fabric-loot-api-v3/4.0.8+4068fd645d/3f74e49f671c5ef812512b9ff6ca35a531f06cf7/fabric-loot-api-v3-4.0.8+4068fd645d.jar:/home/runner/.gradle/caches/modules-2/files-2.1/net.fabricmc.fabric-api/fabric-menu-api-v1/2.0.27+ed66f0a35d/5f52c5da57fbbdd96604ed12bcec0a0fba779dfe/fabric-menu-api-v1-2.0.27+ed66f0a35d.jar:/home/runner/.gradle/caches/modules-2/files-2.1/net.fabricmc.fabric-api/fabric-message-api-v1/7.0.10+3434d6d95d/5b224f019d030f7bb70584866f4f6329fa9a21b3/fabric-message-api-v1-7.0.10+3434d6d95d.jar:/home/runner/.gradle/caches/modules-2/files-2.1/net.fabricmc.fabric-api/fabric-client-gametest-api-v1/6.0.7+4be74c3f5d/b5512c68896b9692f81db7ddc5f2f6d72b18615/fabric-client-gametest-api-v1-6.0.7+4be74c3f5d.jar:/home/runner/.gradle/caches/modules-2/files-2.1/net.fabricmc.fabric-api/fabric-particles-v1/5.0.24+3434d6d95d/f737b753bad5f3b94d9d07985853539f4c6ee416/fabric-particles-v1-5.0.24+3434d6d95d.jar:/home/runner/.gradle/caches/modules-2/files-2.1/net.fabricmc.fabric-api/fabric-object-builder-api-v1/24.1.9+3434d6d95d/24f679e28b1c3a4fd44b339a03161774f880139/fabric-object-builder-api-v1-24.1.9+3434d6d95d.jar:/home/runner/.gradle/caches/modules-2/files-2.1/net.fabricmc.fabric-api/fabric-registry-sync-v0/8.0.1+fcdff87f5d/7c5c6642c01a0d37abccc8546b86833ca2c9e667/fabric-registry-sync-v0-8.0.1+fcdff87f5d.jar:/home/runner/.gradle/caches/modules-2/files-2.1/net.fabricmc.fabric-api/fabric-networking-api-v1/6.3.8+fcdff87f5d/1487018aa4c0cc74d0e32b89c5b2da9b1c00ebb8/fabric-networking-api-v1-6.3.8+fcdff87f5d.jar:/home/runner/.gradle/caches/modules-2/files-2.1/net.fabricmc.fabric-api/fabric-permission-api-v1/1.0.8+fcdff87f5d/b5ffb6d1e882755032aa6b79265e32699be57c88/fabric-permission-api-v1-1.0.8+fcdff87f5d.jar:/home/runner/.gradle/caches/modules-2/files-2.1/net.fabricmc.fabric-api/fabric-rendering-fluids-v1/6.0.6+3434d6d95d/f346710e5fb0751998cb84d4772b1b2827e1ad57/fabric-rendering-fluids-v1-6.0.6+3434d6d95d.jar:/home/runner/.gradle/caches/modules-2/files-2.1/net.fabricmc.fabric-api/fabric-tag-api-v1/2.1.10+fcdff87f5d/6b70d67fcea94ef97a08cda0d7810fd89238a83/fabric-tag-api-v1-2.1.10+fcdff87f5d.jar:/home/runner/.gradle/caches/modules-2/files-2.1/net.fabricmc.fabric-api/fabric-resource-loader-v0/3.3.26+4fc5413f5d/2fd2238d86a13d9f43244d030ae0a33ee8e4d092/fabric-resource-loader-v0-3.3.26+4fc5413f5d.jar:/home/runner/.gradle/caches/modules-2/files-2.1/net.fabricmc.fabric-api/fabric-resource-loader-v1/3.0.4+fcdff87f5d/23991cd88d413af9c9bc9fdaa43e1a4f7156917a/fabric-resource-loader-v1-3.0.4+fcdff87f5d.jar:/home/runner/.gradle/caches/modules-2/files-2.1/net.fabricmc.fabric-api/fabric-screen-api-v1/5.2.4+48607d035d/43207d0cbe1a0098cc0281b62a9a246f05771f9d/fabric-screen-api-v1-5.2.4+48607d035d.jar:/home/runner/.gradle/caches/modules-2/files-2.1/net.fabricmc.fabric-api/fabric-api-base/2.0.6+fcdff87f5d/449053de5093613bbdf6d439bedd431a7ad77da2/fabric-api-base-2.0.6+fcdff87f5d.jar:/home/runner/.gradle/caches/modules-2/files-2.1/net.fabricmc.fabric-api/fabric-biome-api-v1/20.0.9+74ed1ea55d/587c148a61dd7b76db105d39f556dd741fbbbe2f/fabric-biome-api-v1-20.0.9+74ed1ea55d.jar:/home/runner/.gradle/caches/modules-2/files-2.1/net.fabricmc.fabric-api/fabric-block-getter-api-v2/2.0.9+3434d6d95d/56fd2980cfdb2e557bd51dfa743d92bb7befcdb6/fabric-block-getter-api-v2-2.0.9+3434d6d95d.jar:/home/runner/.gradle/caches/modules-2/files-2.1/net.fabricmc.fabric-api/fabric-crash-report-info-v1/1.0.7+fcdff87f5d/a5531952f47841e359bc2ca8cb807add8c76c5c5/fabric-crash-report-info-v1-1.0.7+fcdff87f5d.jar:/home/runner/.gradle/caches/modules-2/files-2.1/net.fabricmc.fabric-api/fabric-key-mapping-api-v1/2.0.8+3434d6d95d/89eb86ef13d05ebc9f725f0c55d9db69abc6fc06/fabric-key-mapping-api-v1-2.0.8+3434d6d95d.jar:/home/runner/.gradle/caches/modules-2/files-2.1/net.fabricmc.fabric-api/fabric-resource-conditions-api-v1/6.1.5+3434d6d95d/c009f3d1b43e3e26053d4809055b265bbbfa7044/fabric-resource-conditions-api-v1-6.1.5+3434d6d95d.jar:/home/runner/.gradle/caches/modules-2/files-2.1/net.fabricmc.fabric-api/fabric-serialization-api-v1/2.0.7+74ed1ea55d/6461e300b93b46986d74f092660dd9d39a1125c0/fabric-serialization-api-v1-2.0.7+74ed1ea55d.jar:/home/runner/.gradle/caches/modules-2/files-2.1/net.fabricmc.fabric-api/fabric-sound-api-v1/2.0.7+3434d6d95d/59e460c1b9e943d662fd0827f0461ff60b7f23d1/fabric-sound-api-v1-2.0.7+3434d6d95d.jar:/home/runner/.gradle/caches/modules-2/files-2.1/net.fabricmc.fabric-api/fabric-transitive-access-wideners-v1/8.1.16+52268a0e5d/8322e1bc6d3e3993dce826a41f4a199944269bcb/fabric-transitive-access-wideners-v1-8.1.16+52268a0e5d.jar:/home/runner/work/airdefense-mod/airdefense-mod/build/classes/java/main:/home/runner/work/airdefense-mod/airdefense-mod/build/resources/main:/home/runner/work/airdefense-mod/airdefense-mod/build/classes/java/client:/home/runner/work/airdefense-mod/airdefense-mod/build/resources/client)
	at knot//com.sun.jna.NativeLibrary.loadLibrary(NativeLibrary.java:325)
	at knot//com.sun.jna.NativeLibrary.getInstance(NativeLibrary.java:481)
	at knot//com.sun.jna.NativeLibrary.getInstance(NativeLibrary.java:423)
	at knot//com.mojang.text2speech.NarratorLinux$FliteLibrary.loadNative(NarratorLinux.java:80)
	... 9 more
	Suppressed: java.lang.UnsatisfiedLinkError: libflite.so: cannot open shared object file: No such file or directory
		at knot//com.sun.jna.Native.open(Native Method)
		at knot//com.sun.jna.NativeLibrary.loadLibrary(NativeLibrary.java:213)
		... 12 more
	Suppressed: java.lang.UnsatisfiedLinkError: libflite.so: cannot open shared object file: No such file or directory
		at knot//com.sun.jna.Native.open(Native Method)
		at knot//com.sun.jna.NativeLibrary.loadLibrary(NativeLibrary.java:226)
		... 12 more
	Suppressed: java.io.IOException: Native library (linux-x86-64/libflite.so) not found in resource path (/home/runner/work/airdefense-mod/airdefense-mod/build/classes/java/gametest:/home/runner/work/airdefense-mod/airdefense-mod/build/resources/gametest:/home/runner/.gradle/caches/modules-2/files-2.1/net.fabricmc/fabric-loader/0.19.5/ff9e65cffca4a67f31523e1807fe0855940fcbfa/fabric-loader-0.19.5.jar:/home/runner/.gradle/caches/modules-2/files-2.1/net.fabricmc.fabric-api/fabric-api/0.161.0+26.3/53f9ee02c3702734d90520aa8c9719bf0e1c8d4f/fabric-api-0.161.0+26.3.jar:/home/runner/.gradle/caches/modules-2/files-2.1/org.ow2.asm/asm/9.10.1/ada2141c0cc52ee8f5c48cd5fa4ce0e794f22236/asm-9.10.1.jar:/home/runner/.gradle/caches/modules-2/files-2.1/org.ow2.asm/asm-analysis/9.10.1/8d49f14d51f632cb1d87c88d1ceaf50db0d8af1b/asm-analysis-9.10.1.jar:/home/runner/.gradle/caches/modules-2/files-2.1/org.ow2.asm/asm-commons/9.10.1/4229e4c55fd8e01c23f9fe9884075cc628aacc50/asm-commons-9.10.1.jar:/home/runner/.gradle/caches/modules-2/files-2.1/org.ow2.asm/asm-tree/9.10.1/e244332a17564c1d1572449399a842de35881be2/asm-tree-9.10.1.jar:/home/runner/.gradle/caches/modules-2/files-2.1/org.ow2.asm/asm-util/9.10.1/7bb9d450e8d4cbf9f9e04096c44bbfe7fba80b15/asm-util-9.10.1.jar:/home/runner/.gradle/caches/modules-2/files-2.1/net.fabricmc/sponge-mixin/0.17.4+mixin.0.8.7/5f66cc9f59b8efaa942155a3d5a30599bf6640dd/sponge-mixin-0.17.4+mixin.0.8.7.jar:/home/runner/.gradle/caches/modules-2/files-2.1/io.github.llamalad7/mixinextras-fabric/0.5.5/d1055b99c0ab08a8403fe2da3d79ca28e6340a76/mixinextras-fabric-0.5.5.jar:/home/runner/.gradle/caches/modules-2/files-2.1/net.fabricmc/dev-launch-injector/0.2.1+build.8/da8bef7e6e2f952da707f282bdb46882a0fce5e3/dev-launch-injector-0.2.1+build.8.jar:/home/runner/.gradle/caches/modules-2/files-2.1/net.fabricmc/fabric-log4j-util/1.0.2/ef0b3fb613356feb75a67d54f2fad6f03a006648/fabric-log4j-util-1.0.2.jar:/home/runner/.gradle/caches/modules-2/files-2.1/at.yawk.lz4/lz4-java/1.10.1/f541d7f910fe3d76f38f799c507c48cc81b12ecb/lz4-java-1.10.1.jar:/home/runner/.gradle/caches/modules-2/files-2.1/com.azure/azure-json/1.4.0/fcc1d354dbc3e0300e5276b1bf124d0247799cd8/azure-json-1.4.0.jar:/home/runner/.gradle/caches/modules-2/files-2.1/com.github.oshi/oshi-core/6.9.0/3224870731860cfcd7744581a05b559e94291e7/oshi-core-6.9.0.jar:/home/runner/.gradle/caches/modules-2/files-2.1/com.google.code.gson/gson/2.14.0/efc0e34ede4e3204eaefb84a00e55e8c86634382/gson-2.14.0.jar:/home/runner/.gradle/caches/modules-2/files-2.1/com.google.guava/failureaccess/1.0.3/aeaffd00d57023a2c947393ed251f0354f0985fc/failureaccess-1.0.3.jar:/home/runner/.gradle/caches/modules-2/files-2.1/com.google.guava/guava/33.6.0-jre/c376b13067cc99a5774403530953f7b05a91e218/guava-33.6.0-jre.jar:/home/runner/.gradle/caches/modules-2/files-2.1/com.ibm.icu/icu4j/78.3/6a851a53bb1f25689fc418dcc8935b0d93580adf/icu4j-78.3.jar:/home/runner/.gradle/caches/modules-2/files-2.1/com.microsoft.azure/msal4j/1.24.1/c233f2d047b9755f7041adf21a858c680e4c9242/msal4j-1.24.1.jar:/home/runner/.gradle/caches/modules-2/files-2.1/com.mojang/authlib/10.0.77/add8754cda96cf0cd840441632875648836f8a71/authlib-10.0.77.jar:/home/runner/.gradle/caches/modules-2/files-2.1/com.mojang/blocklist/1.0.10/5c685c5ffa94c4cd39496c7184c1d122e515ecef/blocklist-1.0.10.jar:/home/runner/.gradle/caches/modules-2/files-2.1/com.mojang/brigadier/1.3.11/3373d1e7bf00c8b99bed1ea4efb8c47344e4a887/brigadier-1.3.11.jar:/home/runner/.gradle/caches/modules-2/files-2.1/com.mojang/datafixerupper/10.0.21/b6b2ae770c02e0c1eb90f9985b151e9085a38d0b/datafixerupper-10.0.21.jar:/home/runner/.gradle/caches/modules-2/files-2.1/com.mojang/jtracy/1.14.38/cc2ad81342001b4281c305a298d7f50332354058/jtracy-1.14.38.jar:/home/runner/.gradle/caches/modules-2/files-2.1/com.mojang/jtracy/1.14.38/d2433300f8a4e99595d513546d19ecddc3eaa15e/jtracy-1.14.38-natives-linux.jar:/home/runner/.gradle/caches/modules-2/files-2.1/com.mojang/logging/1.7.12/351cea64a5233361327d8d54c44277041beed97f/logging-1.7.12.jar:/home/runner/.gradle/caches/modules-2/files-2.1/com.mojang/patchy/2.2.10/da05971b07cbb379d002cf7eaec6a2048211fefc/patchy-2.2.10.jar:/home/runner/.gradle/caches/modules-2/files-2.1/com.mojang/text2speech/1.19.12/2e517a75c79d34d32de2b5d68422150836c2133e/text2speech-1.19.12.jar:/home/runner/.gradle/caches/modules-2/files-2.1/commons-codec/commons-codec/1.22.0/6b3eb4beb7058c2a638f5f17bcb388649fd339dd/commons-codec-1.22.0.jar:/home/runner/.gradle/caches/modules-2/files-2.1/commons-io/commons-io/2.20.0/36f3474daec2849c149e877614e7f979b2082cd2/commons-io-2.20.0.jar:/home/runner/.gradle/caches/modules-2/files-2.1/io.netty/netty-buffer/4.2.16.Final/5397ef65dcb60670e0e0dba4854522873af3070/netty-buffer-4.2.16.Final.jar:/home/runner/.gradle/caches/modules-2/files-2.1/io.netty/netty-codec-base/4.2.16.Final/1a01d45a9efc228c6d747525848b065e0656b5f/netty-codec-base-4.2.16.Final.jar:/home/runner/.gradle/caches/modules-2/files-2.1/io.netty/netty-codec-compression/4.2.16.Final/bdbbcfcdbe217b95c14a04df4fc5d31213d5c27c/netty-codec-compression-4.2.16.Final.jar:/home/runner/.gradle/caches/modules-2/files-2.1/io.netty/netty-codec-http/4.2.16.Final/b5e0715df90047ee5a0138c8f704f43c751009e4/netty-codec-http-4.2.16.Final.jar:/home/runner/.gradle/caches/modules-2/files-2.1/io.netty/netty-common/4.2.16.Final/c2bc7fa5acfa2afc777e944d84f0aa65559cc81e/netty-common-4.2.16.Final.jar:/home/runner/.gradle/caches/modules-2/files-2.1/io.netty/netty-handler/4.2.16.Final/cc82873ae4b6d14effe480740ad838de09add70d/netty-handler-4.2.16.Final.jar:/home/runner/.gradle/caches/modules-2/files-2.1/io.netty/netty-resolver/4.2.16.Final/fcea6d64273b59ab9127b68c16ae98af34642139/netty-resolver-4.2.16.Final.jar:/home/runner/.gradle/caches/modules-2/files-2.1/io.netty/netty-transport-classes-epoll/4.2.16.Final/cf90c7b892e284ba9f1545dce170168369b3b9d6/netty-transport-classes-epoll-4.2.16.Final.jar:/home/runner/.gradle/caches/modules-2/files-2.1/io.netty/netty-transport-classes-kqueue/4.2.16.Final/fa2bcf8c71626510f6fae173f78182117b70f7a/netty-transport-classes-kqueue-4.2.16.Final.jar:/home/runner/.gradle/caches/modules-2/files-2.1/io.netty/netty-transport-native-epoll/4.2.16.Final/eed34f3b37b4c46a0cbb49456ccc4e3bd7195e4c/netty-transport-native-epoll-4.2.16.Final-linux-aarch_64.jar:/home/runner/.gradle/caches/modules-2/files-2.1/io.netty/netty-transport-native-epoll/4.2.16.Final/439c24f5c27c220deb042b42e4048d606edeb78d/netty-transport-native-epoll-4.2.16.Final-linux-x86_64.jar:/home/runner/.gradle/caches/modules-2/files-2.1/io.netty/netty-transport-native-unix-common/4.2.16.Final/3cf32390f1b80af890ac44aa0698c2ff58c2a4d7/netty-transport-native-unix-common-4.2.16.Final.jar:/home/runner/.gradle/caches/modules-2/files-2.1/io.netty/netty-transport/4.2.16.Final/ae87a3bec51d503475a19fbd718bf777f2fc06c6/netty-transport-4.2.16.Final.jar:/home/runner/.gradle/caches/modules-2/files-2.1/it.unimi.dsi/fastutil/8.5.18/a6cff377eecc19c2037bf31568a6d7106b50ba1f/fastutil-8.5.18.jar:/home/runner/.gradle/caches/modules-2/files-2.1/net.java.dev.jna/jna-platform/5.17.0/a4934c44d25a9d8c2ddf4203affd20330cb3426f/jna-platform-5.17.0.jar:/home/runner/.gradle/caches/modules-2/files-2.1/net.java.dev.jna/jna/5.17.0/33d12735bef894440780fce64f9758d420c7bae2/jna-5.17.0.jar:/home/runner/.gradle/caches/modules-2/files-2.1/net.sf.jopt-simple/jopt-simple/5.0.4/4fdac2fbe92dfad86aa6e9301736f6b4342a3f5c/jopt-simple-5.0.4.jar:/home/runner/.gradle/caches/modules-2/files-2.1/org.apache.commons/commons-compress/1.28.0/e482f2c7a88dac3c497e96aa420b6a769f59c8d7/commons-compress-1.28.0.jar:/home/runner/.gradle/caches/modules-2/files-2.1/org.apache.commons/commons-lang3/3.20.0/65897b3e5731220962e659e001904af3c3cbeba9/commons-lang3-3.20.0.jar:/home/runner/.gradle/caches/modules-2/files-2.1/org.apache.logging.log4j/log4j-api/2.26.0/ad52af0ecf054a7e3f275a2e180ee06d9c490951/log4j-api-2.26.0.jar:/home/runner/.gradle/caches/modules-2/files-2.1/org.apache.logging.log4j/log4j-core/2.26.0/d267ca60b27ddb075e0b4e75e7875859717bf85f/log4j-core-2.26.0.jar:/home/runner/.gradle/caches/modules-2/files-2.1/org.apache.logging.log4j/log4j-slf4j2-impl/2.26.0/668c0f0e813d83f00a7182533aa658ec7e7a0a0d/log4j-slf4j2-impl-2.26.0.jar:/home/runner/.gradle/caches/modules-2/files-2.1/org.jcraft/jorbis/0.0.17/8872d22b293e8f5d7d56ff92be966e6dc28ebdc6/jorbis-0.0.17.jar:/home/runner/.gradle/caches/modules-2/files-2.1/org.joml/joml/1.10.9/438e036486bad66b189bff385dd07dea4f74a146/joml-1.10.9.jar:/home/runner/.gradle/caches/modules-2/files-2.1/org.jspecify/jspecify/1.0.0/7425a601c1c7ec76645a78d22b8c6a627edee507/jspecify-1.0.0.jar:/home/runner/.gradle/caches/modules-2/files-2.1/org.lwjgl/lwjgl-freetype/3.4.3/d2b12961d44f92860fb1ab501f9c69b7a2975236/lwjgl-freetype-3.4.3.jar:/home/runner/.gradle/caches/modules-2/files-2.1/org.lwjgl/lwjgl-freetype/3.4.3/38f27c9a0fbe000bfb38b295c32944d699e246e9/lwjgl-freetype-3.4.3-natives-linux.jar:/home/runner/.gradle/caches/modules-2/files-2.1/org.lwjgl/lwjgl-jemalloc/3.4.3/350f317eaf5295b1e53f6664ef5fdeeaaa7dcbf0/lwjgl-jemalloc-3.4.3.jar:/home/runner/.gradle/caches/modules-2/files-2.1/org.lwjgl/lwjgl-jemalloc/3.4.3/ca21b4b4c6d223907de645a18436ef6f677a5d4f/lwjgl-jemalloc-3.4.3-natives-linux.jar:/home/runner/.gradle/caches/modules-2/files-2.1/org.lwjgl/lwjgl-openal/3.4.3/32b52cda5af6937a4e4bd321bdb83082025cb332/lwjgl-openal-3.4.3.jar:/home/runner/.gradle/caches/modules-2/files-2.1/org.lwjgl/lwjgl-openal/3.4.3/7daa62f9f7b38b30e8a3d3bc7069e9b2e3cd52f0/lwjgl-openal-3.4.3-natives-linux.jar:/home/runner/.gradle/caches/modules-2/files-2.1/org.lwjgl/lwjgl-opengl/3.4.3/b81769ee48050f8c71e70839505f350bf9219d90/lwjgl-opengl-3.4.3.jar:/home/runner/.gradle/caches/modules-2/files-2.1/org.lwjgl/lwjgl-opengl/3.4.3/ec6fb42167943e94f7f0b14707c1737653c4044b/lwjgl-opengl-3.4.3-natives-linux.jar:/home/runner/.gradle/caches/modules-2/files-2.1/org.lwjgl/lwjgl-sdl/3.4.3/c02146735d6ff70d070c73532b435e5c893a346b/lwjgl-sdl-3.4.3.jar:/home/runner/.gradle/caches/modules-2/files-2.1/org.lwjgl/lwjgl-sdl/3.4.3/6ed1b80b7c211a491612c70e43f27ba1f42cccd0/lwjgl-sdl-3.4.3-natives-linux.jar:/home/runner/.gradle/caches/modules-2/files-2.1/org.lwjgl/lwjgl-shaderc/3.4.3/ba9fbc8fc4d50b3e4b436cc958ddb4abdb05867c/lwjgl-shaderc-3.4.3.jar:/home/runner/.gradle/caches/modules-2/files-2.1/org.lwjgl/lwjgl-shaderc/3.4.3/37faa5824f75901f4961e56805aedf68e13cf8b/lwjgl-shaderc-3.4.3-natives-linux.jar:/home/runner/.gradle/caches/modules-2/files-2.1/org.lwjgl/lwjgl-spvc/3.4.3/98e5b5ef5159100b26a169a9aed6c24e820e3eaa/lwjgl-spvc-3.4.3.jar:/home/runner/.gradle/caches/modules-2/files-2.1/org.lwjgl/lwjgl-spvc/3.4.3/709eb01deec4bdafb7634b125a63fd8de172fc50/lwjgl-spvc-3.4.3-natives-linux.jar:/home/runner/.gradle/caches/modules-2/files-2.1/org.lwjgl/lwjgl-stb/3.4.3/cdce54785bd3758e44a81f345d6260774d921c78/lwjgl-stb-3.4.3.jar:/home/runner/.gradle/caches/modules-2/files-2.1/org.lwjgl/lwjgl-stb/3.4.3/3878e44ce27c12791e570b5c8754ef3b68401dd3/lwjgl-stb-3.4.3-natives-linux.jar:/home/runner/.gradle/caches/modules-2/files-2.1/org.lwjgl/lwjgl-vma/3.4.3/816a6ac87f1e447e5346ca0e7a1078353f51fbd6/lwjgl-vma-3.4.3.jar:/home/runner/.gradle/caches/modules-2/files-2.1/org.lwjgl/lwjgl-vma/3.4.3/3a9a95d3e83f7fc49c6ed8d0e1c853b77662d90e/lwjgl-vma-3.4.3-natives-linux.jar:/home/runner/.gradle/caches/modules-2/files-2.1/org.lwjgl/lwjgl-vulkan/3.4.3/ffdaf1898192059f059d66f9fa37e3debcac10e0/lwjgl-vulkan-3.4.3.jar:/home/runner/.gradle/caches/modules-2/files-2.1/org.lwjgl/lwjgl/3.4.3/7ab5265a73d8a959ed62332d546536ae6be2f0d5/lwjgl-3.4.3.jar:/home/runner/.gradle/caches/modules-2/files-2.1/org.lwjgl/lwjgl/3.4.3/2800e134537db1a175eba41c430b1018eddc48f0/lwjgl-3.4.3-natives-linux.jar:/home/runner/.gradle/caches/modules-2/files-2.1/org.slf4j/slf4j-api/2.0.17/d9e58ac9c7779ba3bf8142aff6c830617a7fe60f/slf4j-api-2.0.17.jar:/home/runner/work/airdefense-mod/airdefense-mod/.gradle/loom-cache/minecraftMaven/net/minecraft/minecraft-clientOnly-7e9a32a5b8/26.3/minecraft-clientOnly-7e9a32a5b8-26.3.jar:/home/runner/work/airdefense-mod/airdefense-mod/.gradle/loom-cache/minecraftMaven/net/minecraft/minecraft-common-7e9a32a5b8/26.3/minecraft-common-7e9a32a5b8-26.3.jar:/home/runner/.gradle/caches/modules-2/files-2.1/io.netty/netty-transport-native-kqueue/4.2.16.Final/dd9d41b06355a6a1815d902ee087a693aab83755/netty-transport-native-kqueue-4.2.16.Final-osx-x86_64.jar:/home/runner/.gradle/caches/modules-2/files-2.1/io.netty/netty-transport-native-kqueue/4.2.16.Final/ddb942cad6c0e978caa2215757512b36c5ffacec/netty-transport-native-kqueue-4.2.16.Final-osx-aarch_64.jar:/home/runner/.gradle/caches/modules-2/files-2.1/net.fabricmc.fabric-api/fabric-advancement-api-v1/1.0.0+38c7a2d55d/54c209419f01d579761838892772d4196436752b/fabric-advancement-api-v1-1.0.0+38c7a2d55d.jar:/home/runner/.gradle/caches/modules-2/files-2.1/net.fabricmc.fabric-api/fabric-transfer-api-v1/8.0.25+fcdff87f5d/4680f760ffbd28c38f899488ded76fd7c26082c8/fabric-transfer-api-v1-8.0.25+fcdff87f5d.jar:/home/runner/.gradle/caches/modules-2/files-2.1/net.fabricmc.fabric-api/fabric-api-lookup-api-v1/2.0.24+3434d6d95d/29c412a6baf8e69bf71cab6b7a65b5096ff29a3/fabric-api-lookup-api-v1-2.0.24+3434d6d95d.jar:/home/runner/.gradle/caches/modules-2/files-2.1/net.fabricmc.fabric-api/fabric-block-api-v1/3.1.0+0ae6f9115d/78badf0c664259627830111f2ac0ad2f9f0ff2f7/fabric-block-api-v1-3.1.0+0ae6f9115d.jar:/home/runner/.gradle/caches/modules-2/files-2.1/net.fabricmc.fabric-api/fabric-command-api-v2/3.1.2+fcdff87f5d/69de6c0f1f5926309dad2cd9569027a6d4d99493/fabric-command-api-v2-3.1.2+fcdff87f5d.jar:/home/runner/.gradle/caches/modules-2/files-2.1/net.fabricmc.fabric-api/fabric-content-registries-v0/15.0.4+74ed1ea55d/c316198aeaa747228437e01f8c81efb134dca9f2/fabric-content-registries-v0-15.0.4+74ed1ea55d.jar:/home/runner/.gradle/caches/modules-2/files-2.1/net.fabricmc.fabric-api/fabric-data-generation-api-v1/27.2.4+427eab975d/55b45df85af5f43366fc4a0943f9bf3d5950d2c/fabric-data-generation-api-v1-27.2.4+427eab975d.jar:/home/runner/.gradle/caches/modules-2/files-2.1/net.fabricmc.fabric-api/fabric-convention-tags-v2/4.10.3+6b5b47fd5d/4e4591576deeb6317809bc11e50ecf32a0212c1f/fabric-convention-tags-v2-4.10.3+6b5b47fd5d.jar:/home/runner/.gradle/caches/modules-2/files-2.1/net.fabricmc.fabric-api/fabric-creative-tab-api-v1/5.0.21+fcdff87f5d/c0d1736c1f7b6166f1925eb0bd79f9c97cd1494/fabric-creative-tab-api-v1-5.0.21+fcdff87f5d.jar:/home/runner/.gradle/caches/modules-2/files-2.1/net.fabricmc.fabric-api/fabric-data-attachment-api-v1/2.2.30+3434d6d95d/b31a17053b2113fde7011d5caa54871071f38fe/fabric-data-attachment-api-v1-2.2.30+3434d6d95d.jar:/home/runner/.gradle/caches/modules-2/files-2.1/net.fabricmc.fabric-api/fabric-debug-api-v1/1.0.4+3434d6d95d/e4812b5812a9d92b97604bdf2737780d3cc7612e/fabric-debug-api-v1-1.0.4+3434d6d95d.jar:/home/runner/.gradle/caches/modules-2/files-2.1/net.fabricmc.fabric-api/fabric-dimensions-v1/5.1.19+47f74c985d/2d10026da0876c1e887b512b26d2813a1646c132/fabric-dimensions-v1-5.1.19+47f74c985d.jar:/home/runner/.gradle/caches/modules-2/files-2.1/net.fabricmc.fabric-api/fabric-entity-events-v1/6.0.4+3434d6d95d/731754a9bdfc6784a41d8fb17cd6c08f58fe31e0/fabric-entity-events-v1-6.0.4+3434d6d95d.jar:/home/runner/.gradle/caches/modules-2/files-2.1/net.fabricmc.fabric-api/fabric-events-interaction-v0/5.3.6+3434d6d95d/de80f4728f8559f8e126b857288af8a27da57b81/fabric-events-interaction-v0-5.3.6+3434d6d95d.jar:/home/runner/.gradle/caches/modules-2/files-2.1/net.fabricmc.fabric-api/fabric-game-rule-api-v1/4.0.10+3434d6d95d/3f73b9e94995f6f8a0d38955b98b67ac8d6bb089/fabric-game-rule-api-v1-4.0.10+3434d6d95d.jar:/home/runner/.gradle/caches/modules-2/files-2.1/net.fabricmc.fabric-api/fabric-gametest-api-v1/4.0.32+3434d6d95d/ced6a55e4623994919224b07750f05231dad8c22/fabric-gametest-api-v1-4.0.32+3434d6d95d.jar:/home/runner/.gradle/caches/modules-2/files-2.1/net.fabricmc.fabric-api/fabric-item-api-v1/14.7.0+cf6bc2db5d/9d9e319928f67f49029c86ae56d0414997a534ac/fabric-item-api-v1-14.7.0+cf6bc2db5d.jar:/home/runner/.gradle/caches/modules-2/files-2.1/net.fabricmc.fabric-api/fabric-recipe-api-v1/10.0.8+fcdff87f5d/16ab72f3b3cc37f758a1ac01817b3909b02ce736/fabric-recipe-api-v1-10.0.8+fcdff87f5d.jar:/home/runner/.gradle/caches/modules-2/files-2.1/net.fabricmc.fabric-api/fabric-model-loading-api-v1/8.0.35+fcdff87f5d/51079fee66e5b86d8092981bb1cd19d40a97491e/fabric-model-loading-api-v1-8.0.35+fcdff87f5d.jar:/home/runner/.gradle/caches/modules-2/files-2.1/net.fabricmc.fabric-api/fabric-renderer-indigo/9.1.23+b9d63e335d/d3277e5c11edc7f939ac3ed7f189de56905561c7/fabric-renderer-indigo-9.1.23+b9d63e335d.jar:/home/runner/.gradle/caches/modules-2/files-2.1/net.fabricmc.fabric-api/fabric-renderer-api-v1/17.0.15+79385d0b5d/48172c900e57dbf125490cd132e04fdfdecac7e8/fabric-renderer-api-v1-17.0.15+79385d0b5d.jar:/home/runner/.gradle/caches/modules-2/files-2.1/net.fabricmc.fabric-api/fabric-rendering-v1/27.0.14+901a437c5d/b7b356249f2c16fa58410e8c7694c75f0468a403/fabric-rendering-v1-27.0.14+901a437c5d.jar:/home/runner/.gradle/caches/modules-2/files-2.1/net.fabricmc.fabric-api/fabric-lifecycle-events-v1/4.1.9+ffef5f675d/4184b98a6c1dbfcf6c63dab29cf7f5812d9eaf73/fabric-lifecycle-events-v1-4.1.9+ffef5f675d.jar:/home/runner/.gradle/caches/modules-2/files-2.1/net.fabricmc.fabric-api/fabric-loot-api-v3/4.0.8+4068fd645d/3f74e49f671c5ef812512b9ff6ca35a531f06cf7/fabric-loot-api-v3-4.0.8+4068fd645d.jar:/home/runner/.gradle/caches/modules-2/files-2.1/net.fabricmc.fabric-api/fabric-menu-api-v1/2.0.27+ed66f0a35d/5f52c5da57fbbdd96604ed12bcec0a0fba779dfe/fabric-menu-api-v1-2.0.27+ed66f0a35d.jar:/home/runner/.gradle/caches/modules-2/files-2.1/net.fabricmc.fabric-api/fabric-message-api-v1/7.0.10+3434d6d95d/5b224f019d030f7bb70584866f4f6329fa9a21b3/fabric-message-api-v1-7.0.10+3434d6d95d.jar:/home/runner/.gradle/caches/modules-2/files-2.1/net.fabricmc.fabric-api/fabric-client-gametest-api-v1/6.0.7+4be74c3f5d/b5512c68896b9692f81db7ddc5f2f6d72b18615/fabric-client-gametest-api-v1-6.0.7+4be74c3f5d.jar:/home/runner/.gradle/caches/modules-2/files-2.1/net.fabricmc.fabric-api/fabric-particles-v1/5.0.24+3434d6d95d/f737b753bad5f3b94d9d07985853539f4c6ee416/fabric-particles-v1-5.0.24+3434d6d95d.jar:/home/runner/.gradle/caches/modules-2/files-2.1/net.fabricmc.fabric-api/fabric-object-builder-api-v1/24.1.9+3434d6d95d/24f679e28b1c3a4fd44b339a03161774f880139/fabric-object-builder-api-v1-24.1.9+3434d6d95d.jar:/home/runner/.gradle/caches/modules-2/files-2.1/net.fabricmc.fabric-api/fabric-registry-sync-v0/8.0.1+fcdff87f5d/7c5c6642c01a0d37abccc8546b86833ca2c9e667/fabric-registry-sync-v0-8.0.1+fcdff87f5d.jar:/home/runner/.gradle/caches/modules-2/files-2.1/net.fabricmc.fabric-api/fabric-networking-api-v1/6.3.8+fcdff87f5d/1487018aa4c0cc74d0e32b89c5b2da9b1c00ebb8/fabric-networking-api-v1-6.3.8+fcdff87f5d.jar:/home/runner/.gradle/caches/modules-2/files-2.1/net.fabricmc.fabric-api/fabric-permission-api-v1/1.0.8+fcdff87f5d/b5ffb6d1e882755032aa6b79265e32699be57c88/fabric-permission-api-v1-1.0.8+fcdff87f5d.jar:/home/runner/.gradle/caches/modules-2/files-2.1/net.fabricmc.fabric-api/fabric-rendering-fluids-v1/6.0.6+3434d6d95d/f346710e5fb0751998cb84d4772b1b2827e1ad57/fabric-rendering-fluids-v1-6.0.6+3434d6d95d.jar:/home/runner/.gradle/caches/modules-2/files-2.1/net.fabricmc.fabric-api/fabric-tag-api-v1/2.1.10+fcdff87f5d/6b70d67fcea94ef97a08cda0d7810fd89238a83/fabric-tag-api-v1-2.1.10+fcdff87f5d.jar:/home/runner/.gradle/caches/modules-2/files-2.1/net.fabricmc.fabric-api/fabric-resource-loader-v0/3.3.26+4fc5413f5d/2fd2238d86a13d9f43244d030ae0a33ee8e4d092/fabric-resource-loader-v0-3.3.26+4fc5413f5d.jar:/home/runner/.gradle/caches/modules-2/files-2.1/net.fabricmc.fabric-api/fabric-resource-loader-v1/3.0.4+fcdff87f5d/23991cd88d413af9c9bc9fdaa43e1a4f7156917a/fabric-resource-loader-v1-3.0.4+fcdff87f5d.jar:/home/runner/.gradle/caches/modules-2/files-2.1/net.fabricmc.fabric-api/fabric-screen-api-v1/5.2.4+48607d035d/43207d0cbe1a0098cc0281b62a9a246f05771f9d/fabric-screen-api-v1-5.2.4+48607d035d.jar:/home/runner/.gradle/caches/modules-2/files-2.1/net.fabricmc.fabric-api/fabric-api-base/2.0.6+fcdff87f5d/449053de5093613bbdf6d439bedd431a7ad77da2/fabric-api-base-2.0.6+fcdff87f5d.jar:/home/runner/.gradle/caches/modules-2/files-2.1/net.fabricmc.fabric-api/fabric-biome-api-v1/20.0.9+74ed1ea55d/587c148a61dd7b76db105d39f556dd741fbbbe2f/fabric-biome-api-v1-20.0.9+74ed1ea55d.jar:/home/runner/.gradle/caches/modules-2/files-2.1/net.fabricmc.fabric-api/fabric-block-getter-api-v2/2.0.9+3434d6d95d/56fd2980cfdb2e557bd51dfa743d92bb7befcdb6/fabric-block-getter-api-v2-2.0.9+3434d6d95d.jar:/home/runner/.gradle/caches/modules-2/files-2.1/net.fabricmc.fabric-api/fabric-crash-report-info-v1/1.0.7+fcdff87f5d/a5531952f47841e359bc2ca8cb807add8c76c5c5/fabric-crash-report-info-v1-1.0.7+fcdff87f5d.jar:/home/runner/.gradle/caches/modules-2/files-2.1/net.fabricmc.fabric-api/fabric-key-mapping-api-v1/2.0.8+3434d6d95d/89eb86ef13d05ebc9f725f0c55d9db69abc6fc06/fabric-key-mapping-api-v1-2.0.8+3434d6d95d.jar:/home/runner/.gradle/caches/modules-2/files-2.1/net.fabricmc.fabric-api/fabric-resource-conditions-api-v1/6.1.5+3434d6d95d/c009f3d1b43e3e26053d4809055b265bbbfa7044/fabric-resource-conditions-api-v1-6.1.5+3434d6d95d.jar:/home/runner/.gradle/caches/modules-2/files-2.1/net.fabricmc.fabric-api/fabric-serialization-api-v1/2.0.7+74ed1ea55d/6461e300b93b46986d74f092660dd9d39a1125c0/fabric-serialization-api-v1-2.0.7+74ed1ea55d.jar:/home/runner/.gradle/caches/modules-2/files-2.1/net.fabricmc.fabric-api/fabric-sound-api-v1/2.0.7+3434d6d95d/59e460c1b9e943d662fd0827f0461ff60b7f23d1/fabric-sound-api-v1-2.0.7+3434d6d95d.jar:/home/runner/.gradle/caches/modules-2/files-2.1/net.fabricmc.fabric-api/fabric-transitive-access-wideners-v1/8.1.16+52268a0e5d/8322e1bc6d3e3993dce826a41f4a199944269bcb/fabric-transitive-access-wideners-v1-8.1.16+52268a0e5d.jar:/home/runner/work/airdefense-mod/airdefense-mod/build/classes/java/main:/home/runner/work/airdefense-mod/airdefense-mod/build/resources/main:/home/runner/work/airdefense-mod/airdefense-mod/build/classes/java/client:/home/runner/work/airdefense-mod/airdefense-mod/build/resources/client)
		at knot//com.sun.jna.Native.extractFromResourcePath(Native.java:1141)
		at knot//com.sun.jna.NativeLibrary.loadLibrary(NativeLibrary.java:297)
		... 12 more
[15:00:14] [Render thread/INFO] (Minecraft) Reloading ResourceManager: vanilla, vanilla, airdefense, fabric-advancement-api-v1, fabric-api, fabric-api-base, fabric-api-lookup-api-v1, fabric-biome-api-v1, fabric-block-api-v1, fabric-block-getter-api-v2, fabric-client-gametest-api-v1, fabric-command-api-v2, fabric-content-registries-v0, fabric-convention-tags-v2, fabric-crash-report-info-v1, fabric-creative-tab-api-v1, fabric-data-attachment-api-v1, fabric-data-generation-api-v1, fabric-debug-api-v1, fabric-dimensions-v1, fabric-entity-events-v1, fabric-events-interaction-v0, fabric-game-rule-api-v1, fabric-gametest-api-v1, fabric-item-api-v1, fabric-key-mapping-api-v1, fabric-lifecycle-events-v1, fabric-loot-api-v3, fabric-menu-api-v1, fabric-message-api-v1, fabric-model-loading-api-v1, fabric-networking-api-v1, fabric-object-builder-api-v1, fabric-particles-v1, fabric-permission-api-v1, fabric-recipe-api-v1, fabric-registry-sync-v0, fabric-renderer-api-v1, fabric-renderer-indigo, fabric-rendering-fluids-v1, fabric-rendering-v1, fabric-resource-conditions-api-v1, fabric-resource-loader-v0, fabric-resource-loader-v1, fabric-screen-api-v1, fabric-serialization-api-v1, fabric-sound-api-v1, fabric-tag-api-v1, fabric-transfer-api-v1, fabric-transitive-access-wideners-v1, fabricloader
[15:00:14] [Worker-Main-1/INFO] (Minecraft) Found unifont_all_no_pua-17.0.01.hex, loading
[15:00:15] [Worker-Main-1/INFO] (Minecraft) Found unifont_jp_patch-17.0.01.hex, loading
[15:00:15] [Worker-Main-1/INFO] (Minecraft) Found unifont_pua-17.0.01.hex, loading
[15:00:17] [Render thread/INFO] (Minecraft) OpenAL initialized on device No Output
[15:00:17] [Render thread/INFO] (Minecraft) Sound engine started
[15:00:17] [Render thread/INFO] (Minecraft) Created: 1024x1024x0 minecraft:textures/atlas/particles.png-atlas
[15:00:17] [Render thread/INFO] (Minecraft) Created: 256x128x0 minecraft:textures/atlas/celestials.png-atlas
[15:00:17] [Render thread/INFO] (Minecraft) Created: 128x128x0 minecraft:textures/atlas/decorated_pot.png-atlas
[15:00:17] [Render thread/INFO] (Minecraft) Created: 512x256x0 minecraft:textures/atlas/paintings.png-atlas
[15:00:17] [Render thread/INFO] (Minecraft) Created: 1024x512x0 minecraft:textures/atlas/shield_patterns.png-atlas
[15:00:17] [Render thread/INFO] (Minecraft) Created: 1024x512x0 minecraft:textures/atlas/banner_patterns.png-atlas
[15:00:17] [Render thread/INFO] (Minecraft) Created: 2048x2048x4 minecraft:textures/atlas/blocks.png-atlas
[15:00:17] [Render thread/INFO] (Minecraft) Created: 8192x4096x0 minecraft:textures/atlas/items.png-atlas
[15:00:17] [Render thread/INFO] (Minecraft) Created: 1024x1024x0 minecraft:textures/atlas/gui.png-atlas
[15:00:17] [Render thread/INFO] (Minecraft) Created: 128x64x0 minecraft:textures/atlas/map_decorations.png-atlas
[15:00:17] [Render thread/INFO] (Minecraft) Created: 512x512x0 minecraft:textures/atlas/chest.png-atlas
[15:00:17] [Render thread/INFO] (Minecraft) Created: 512x512x0 minecraft:textures/atlas/shulker_boxes.png-atlas
[15:00:18] [Download-1/INFO] (Minecraft) Could not authorize you against Realms server: java.lang.RuntimeException: Failed to parse into SignedJWT: FabricMC
[15:00:18] [Download-1/ERROR] (Minecraft) Couldn't connect to realms
com.mojang.realmsclient.exception.RealmsServiceException: Realms authentication error with message 'java.lang.RuntimeException: Failed to parse into SignedJWT: FabricMC'
	at knot//com.mojang.realmsclient.client.RealmsClient.execute(RealmsClient.java:625)
	at knot//com.mojang.realmsclient.client.RealmsClient.clientCompatible(RealmsClient.java:354)
	at knot//com.mojang.realmsclient.RealmsAvailability.lambda$check$0(RealmsAvailability.java:48)
	at java.base/java.util.concurrent.CompletableFuture$AsyncSupply.run(CompletableFuture.java:1789)
	at java.base/java.util.concurrent.ThreadPoolExecutor.runWorker(ThreadPoolExecutor.java:1090)
	at java.base/java.util.concurrent.ThreadPoolExecutor$Worker.run(ThreadPoolExecutor.java:614)
	at java.base/java.lang.Thread.run(Thread.java:1474)
[15:00:22] [Worker-Main-2/INFO] (Minecraft) Loaded 1866 advancements
[15:00:22] [Render thread/INFO] (fabric-client-gametest-api-v1) World loading finished: null screen: net.minecraft.client.gui.screens.GenericMessageScreen@14f49083
[15:00:23] [Render thread/INFO] (BiomeModificationImpl) Applied 1 biome modifications to 1 of 67 new biomes in 4.846 ms
[15:00:23] [Server thread/INFO] (Minecraft) Starting integrated minecraft server version 26.3
[15:00:23] [Server thread/INFO] (Minecraft) Generating keypair
[15:00:23] [Server thread/INFO] (airdefense) [airdefense] town styles on
[15:00:23] [Server thread/INFO] (Minecraft) Selecting global world spawn...
[15:00:24] [Server thread/INFO] (Minecraft) Loading 0 persistent chunks...
[15:00:24] [Server thread/INFO] (Minecraft) Preparing spawn area: 16%
[15:00:24] [Server thread/INFO] (Minecraft) Saving chunks for level 'ServerLevel[New World]'/minecraft:overworld
[15:00:24] [Server thread/INFO] (Minecraft) Saving chunks for level 'ServerLevel[New World]'/minecraft:the_end
[15:00:24] [Server thread/INFO] (Minecraft) Saving chunks for level 'ServerLevel[New World]'/minecraft:the_nether
[15:00:24] [Render thread/INFO] (fabric-client-gametest-api-v1) World loading finished: null screen: net.minecraft.client.gui.screens.LevelLoadingScreen@cea4ecf
[15:00:24] [Render thread/INFO] (fabric-client-gametest-api-v1) World loading finished: null screen: net.minecraft.client.gui.screens.LevelLoadingScreen@cea4ecf
[15:00:24] [Render thread/INFO] (fabric-client-gametest-api-v1) World loading finished: null screen: net.minecraft.client.gui.screens.LevelLoadingScreen@cea4ecf
[15:00:24] [Render thread/INFO] (fabric-client-gametest-api-v1) World loading finished: null screen: net.minecraft.client.gui.screens.LevelLoadingScreen@cea4ecf
[15:00:24] [Render thread/INFO] (fabric-client-gametest-api-v1) World loading finished: null screen: net.minecraft.client.gui.screens.LevelLoadingScreen@cea4ecf
[15:00:24] [Render thread/INFO] (fabric-client-gametest-api-v1) World loading finished: null screen: net.minecraft.client.gui.screens.LevelLoadingScreen@cea4ecf
[15:00:24] [Render thread/INFO] (fabric-client-gametest-api-v1) World loading finished: null screen: net.minecraft.client.gui.screens.LevelLoadingScreen@cea4ecf
[15:00:25] [Render thread/INFO] (fabric-client-gametest-api-v1) World loading finished: null screen: net.minecraft.client.gui.screens.LevelLoadingScreen@cea4ecf
[15:00:25] [airdefense-atlas/INFO] (airdefense) [airdefense] atlas ready: 474 cities, 25 hamlets, 542 roads, 72 KB, 897 ms (land 23, plan 605, pack 268; 2 threads)
[15:00:25] [Server thread/INFO] (Minecraft) Loading 48 chunks for player spawn...
[15:00:25] [Server thread/INFO] (Minecraft) Preparing spawn area: 16%
[15:00:25] [Render thread/INFO] (fabric-client-gametest-api-v1) World loading finished: null screen: net.minecraft.client.gui.screens.LevelLoadingScreen@cea4ecf
[15:00:25] [Server thread/INFO] (Minecraft) Preparing spawn area: 16%
[15:00:25] [Render thread/INFO] (fabric-client-gametest-api-v1) World loading finished: null screen: net.minecraft.client.gui.screens.LevelLoadingScreen@cea4ecf
[15:00:25] [Server thread/INFO] (Minecraft) Preparing spawn area: 16%
[15:00:25] [Render thread/INFO] (fabric-client-gametest-api-v1) World loading finished: null screen: net.minecraft.client.gui.screens.LevelLoadingScreen@cea4ecf
[15:00:25] [Render thread/INFO] (fabric-client-gametest-api-v1) World loading finished: null screen: net.minecraft.client.gui.screens.LevelLoadingScreen@cea4ecf
[15:00:25] [Server thread/INFO] (Minecraft) Preparing spawn area: 16%
[15:00:25] [Render thread/INFO] (fabric-client-gametest-api-v1) World loading finished: null screen: net.minecraft.client.gui.screens.LevelLoadingScreen@cea4ecf
[15:00:25] [Server thread/INFO] (Minecraft) Time elapsed: 2095 ms
[15:00:25] [Render thread/INFO] (fabric-client-gametest-api-v1) World loading finished: null screen: net.minecraft.client.gui.screens.LevelLoadingScreen@cea4ecf
[15:00:25] [Server thread/INFO] (Minecraft) Player0[local:E:06dc3b7b] logged in with entity id 1 at (0.5, -60.0, 0.5)
[15:00:25] [Server thread/INFO] (Minecraft) System chat: Player0 joined the game
[15:00:25] [Server thread/INFO] (airdefense) [airdefense] slow tick 98 ms: nations 5 ms (1) economy 2 ms (1) war 1 ms (1); the rest (the game) 88 ms
[15:00:25] [Server thread/INFO] (airdefense) [airdefense] city Зелёная Роща (LARGE, 1221 people, 80 buildings) at -4686, -60, -4477 -> Королевство Оргения (capital)
[15:00:25] [Server thread/INFO] (airdefense) [airdefense] city Малиновка (LARGE, 1593 people, 76 buildings) at -4516, -60, -1532 -> Королевство Синегория (capital)
[15:00:25] [Server thread/INFO] (airdefense) [airdefense] city Ракитное (LARGE, 1399 people, 63 buildings) at -4629, -60, 1509 -> Королевство Сармидия (capital)
[15:00:25] [Server thread/INFO] (Minecraft) Changing view distance to 12, from 10
[15:00:25] [Server thread/INFO] (Minecraft) Changing simulation distance to 12, from 0
[15:00:25] [Render thread/INFO] (airdefense) [airdefense] atlas received: 474 cities, 25 hamlets, 542 roads
[15:00:26] [Render thread/INFO] (Minecraft) Loaded 2 advancements
[15:00:26] [Render thread/INFO] (fabric-client-gametest-api-v1) World loading finished: ClientLevel screen: net.minecraft.client.gui.screens.LevelLoadingScreen@cea4ecf
[15:00:26] [Server thread/INFO] (airdefense) [airdefense] city Кузнецово (LARGE, 1459 people, 70 buildings) at -4525, -60, 4737 -> Республика Хельвардия (capital)
[15:00:26] [Server thread/INFO] (airdefense) [airdefense] city Ясенево (LARGE, 1555 people, 59 buildings) at -1394, -60, -4593 -> Федерация Червония (capital)
[15:00:26] [Server thread/INFO] (airdefense) [airdefense] city Сосновка (LARGE, 1372 people, 68 buildings) at -1618, -60, -1416 -> Федерация Медвежье (capital)
[15:00:26] [Render thread/WARN] (Minecraft) Requested post effect does not exist: minecraft:end_of_frame
[15:00:26] [Render thread/INFO] (Minecraft) Resizing Dynamic Transforms UBO, capacity limit of 2 reached during a single frame. New capacity will be 4.
[15:00:26] [Render thread/INFO] (fabric-client-gametest-api-v1) World loading finished: ClientLevel screen: net.minecraft.client.gui.screens.LevelLoadingScreen@cea4ecf
[15:00:26] [Server thread/INFO] (airdefense) [airdefense] city Каменка (LARGE, 1477 people, 57 buildings) at -1429, -60, 1680 -> Республика Ростения (capital)
[15:00:26] [Server thread/INFO] (airdefense) [airdefense] city Липовка (LARGE, 1319 people, 62 buildings) at -1416, -60, 4746 -> Земля Ветрания (capital)
[15:00:26] [Server thread/INFO] (airdefense) [airdefense] city Березино (LARGE, 1351 people, 92 buildings) at 1528, -60, -4586 -> Княжество Лиравия (capital)
[15:00:26] [Render thread/INFO] (Minecraft) Resizing Dynamic Transforms UBO, capacity limit of 4 reached during a single frame. New capacity will be 8.
[15:00:26] [Render thread/INFO] (fabric-client-gametest-api-v1) World loading finished: ClientLevel screen: net.minecraft.client.gui.screens.LevelLoadingScreen@cea4ecf
[15:00:26] [Server thread/INFO] (airdefense) [airdefense] city Ясная Поляна (LARGE, 1358 people, 88 buildings) at 1584, -60, -1402 -> Союз Ладония (capital)
[15:00:26] [Server thread/INFO] (airdefense) [airdefense] city Ивановка (LARGE, 1383 people, 61 buildings) at 1636, -60, 1499 -> Королевство Шуравия (capital)
[15:00:26] [Server thread/INFO] (airdefense) [airdefense] city Студёное (LARGE, 1238 people, 77 buildings) at 1664, -60, 4492 -> Республика Норвалия (capital)
[15:00:26] [Render thread/INFO] (Minecraft) Resizing Dynamic Transforms UBO, capacity limit of 8 reached during a single frame. New capacity will be 16.
[15:00:26] [Render thread/INFO] (fabric-client-gametest-api-v1) World loading finished: ClientLevel screen: net.minecraft.client.gui.screens.LevelLoadingScreen@cea4ecf
[15:00:26] [Server thread/INFO] (airdefense) [airdefense] city Белый Ключ (LARGE, 1364 people, 73 buildings) at 4679, -60, -4617 -> Земля Ельмания (capital)
[15:00:26] [Server thread/INFO] (airdefense) [airdefense] city Тихая Заводь (LARGE, 1319 people, 62 buildings) at 4728, -60, -1398 -> Земля Серебрания (capital)
[15:00:26] [Render thread/INFO] (Minecraft) Resizing Chunk Sections Command Buffer, capacity limit of 2 reached during a single frame. New capacity will be 4.
[15:00:26] [Render thread/INFO] (Minecraft) Resizing Chunk Sections Instanced, capacity limit of 2 reached during a single frame. New capacity will be 4.
[15:00:26] [Server thread/INFO] (airdefense) [airdefense] city Пригорки (LARGE, 1303 people, 91 buildings) at 4513, -60, 1648 -> Княжество Велесия (capital)
[15:00:26] [Render thread/INFO] (fabric-client-gametest-api-v1) World loading finished: ClientLevel screen: net.minecraft.client.gui.screens.LevelLoadingScreen@cea4ecf
[15:00:26] [Server thread/INFO] (airdefense) [airdefense] city Мельничное (LARGE, 1372 people, 62 buildings) at 4526, -60, 4728 -> Королевство Нарвения (capital)
[15:00:26] [Server thread/INFO] (airdefense) [airdefense] city Светлый Луг (SMALL, 200 people, 22 buildings) at -3395, -60, -5516 -> Королевство Оргения
[15:00:26] [Server thread/INFO] (airdefense) [airdefense] city Озерки (LARGE, 1834 people, 86 buildings) at -4956, -60, -4176 -> Королевство Оргения
[15:00:26] [Render thread/INFO] (Minecraft) Resizing Chunk Sections Command Buffer, capacity limit of 4 reached during a single frame. New capacity will be 8.
[15:00:26] [Render thread/INFO] (Minecraft) Resizing Chunk Sections Instanced, capacity limit of 4 reached during a single frame. New capacity will be 8.
[15:00:26] [Render thread/INFO] (fabric-client-gametest-api-v1) World loading finished: ClientLevel screen: net.minecraft.client.gui.screens.LevelLoadingScreen@cea4ecf
[15:00:26] [Server thread/INFO] (airdefense) [airdefense] city Ветряки (LARGE, 874 people, 89 buildings) at -5089, -60, -4512 -> Королевство Оргения
[15:00:26] [Server thread/INFO] (airdefense) [airdefense] city Вишнёвое (LARGE, 1308 people, 85 buildings) at -4819, -60, -4821 -> Королевство Оргения
[15:00:26] [Server thread/INFO] (airdefense) [airdefense] city Степное (LARGE, 1328 people, 86 buildings) at -4433, -60, -4776 -> Королевство Оргения
[15:00:26] [Render thread/INFO] (fabric-client-gametest-api-v1) World loading finished: ClientLevel screen: net.minecraft.client.gui.screens.LevelLoadingScreen@cea4ecf
[15:00:27] [Server thread/INFO] (airdefense) [airdefense] city Овражки (LARGE, 1970 people, 94 buildings) at -4311, -60, -4396 -> Королевство Оргения
[15:00:27] [Server thread/INFO] (airdefense) [airdefense] city Мостки (LARGE, 1596 people, 61 buildings) at -4566, -60, -4120 -> Королевство Оргения
[15:00:27] [Server thread/INFO] (airdefense) [airdefense] city Покровка (LARGE, 775 people, 114 buildings) at -5294, -60, -3935 -> Королевство Оргения
[15:00:27] [Render thread/INFO] (fabric-client-gametest-api-v1) World loading finished: ClientLevel screen: net.minecraft.client.gui.screens.LevelLoadingScreen@cea4ecf
[15:00:27] [Server thread/INFO] (airdefense) [airdefense] city Троицкое (LARGE, 710 people, 136 buildings) at -5478, -60, -4462 -> Королевство Оргения
[15:00:27] [Server thread/INFO] (airdefense) [airdefense] city Красный Яр (LARGE, 678 people, 92 buildings) at -5322, -60, -4947 -> Королевство Оргения
[15:00:27] [Server thread/INFO] (airdefense) [airdefense] city Верхний Ольховец (LARGE, 742 people, 79 buildings) at -4917, -60, -5235 -> Королевство Оргения
[15:00:27] [Render thread/INFO] (Minecraft) Resizing Chunk Sections Command Buffer, capacity limit of 8 reached during a single frame. New capacity will be 16.
[15:00:27] [Render thread/INFO] (Minecraft) Resizing Chunk Sections Instanced, capacity limit of 8 reached during a single frame. New capacity will be 16.
[15:00:27] [Render thread/INFO] (fabric-client-gametest-api-v1) World loading finished: ClientLevel screen: net.minecraft.client.gui.screens.LevelLoadingScreen@cea4ecf
[15:00:27] [Server thread/INFO] (airdefense) [airdefense] city Нижнее Никольское (LARGE, 1836 people, 80 buildings) at -4505, -60, -5247 -> Королевство Оргения
[15:00:27] [Server thread/INFO] (airdefense) [airdefense] city Черёмушки (LARGE, 899 people, 100 buildings) at -4032, -60, -4934 -> Королевство Оргения
[15:00:27] [Server thread/INFO] (airdefense) [airdefense] city Новые Пригорки (LARGE, 945 people, 98 buildings) at -3921, -60, -4485 -> Королевство Оргения
[15:00:27] [Render thread/INFO] (fabric-client-gametest-api-v1) World loading finished: ClientLevel screen: null
[15:00:27] [Server thread/INFO] (Minecraft) System chat: Set minecraft:overworld to 1000 tick(s)
[15:00:27] [Server thread/INFO] (Minecraft) System chat: Set the weather to clear
[15:00:27] [Server thread/INFO] (Minecraft) System chat: Set Player0's game mode to Spectator Mode
[15:00:27] [Test thread/INFO] (airdefense) [airdefense-test] ground level -60
[15:00:27] [Test thread/INFO] (airdefense) [airdefense-test] RESULT guide: books given on joining 1
[15:00:27] [Test thread/INFO] (airdefense) [airdefense-test] SUMMARY strikes=0 interceptors=0 shotDown=0 impacts=0 interceptorBursts=0 interceptorCrashes=0 seekerFailures=0 decoys=0 decoysDown=0
[15:00:27] [Server thread/INFO] (Minecraft) Player0 lost connection: Disconnected
[15:00:27] [Server thread/INFO] (Minecraft) System chat: Player0 left the game
[15:00:27] [Server thread/INFO] (Minecraft) Stopping singleplayer server as player logged out
[15:00:27] [Server thread/INFO] (airdefense) [airdefense] slow tick 185 ms:; the rest (the game) 184 ms
[15:00:27] [Server thread/INFO] (airdefense) [airdefense] city Верхняя Яблоневка (LARGE, 810 people, 131 buildings) at -3984, -60, -4076 -> Королевство Оргения
[15:00:27] [Server thread/INFO] (airdefense) [airdefense] city Новое Боровое (LARGE, 1922 people, 62 buildings) at -4415, -60, -3711 -> Королевство Оргения
[15:00:27] [Server thread/INFO] (airdefense) [airdefense] city Подгорное (LARGE, 1438 people, 90 buildings) at -4932, -60, -3728 -> Королевство Оргения
[15:00:27] [Server thread/INFO] (Minecraft) Stopping server
[15:00:27] [Server thread/INFO] (Minecraft) Saving players
[15:00:27] [Server thread/INFO] (Minecraft) Saving worlds
[15:00:27] [Server thread/INFO] (Minecraft) Saving chunks for level 'ServerLevel[New World]'/minecraft:overworld
[15:00:29] [Server thread/INFO] (Minecraft) Saving chunks for level 'ServerLevel[New World]'/minecraft:the_end
[15:00:29] [Server thread/INFO] (Minecraft) Saving chunks for level 'ServerLevel[New World]'/minecraft:the_nether
[15:00:30] [Worker-Main-1/INFO] (Minecraft) Loaded 1866 advancements
[15:00:30] [Render thread/INFO] (fabric-client-gametest-api-v1) World loading finished: null screen: net.minecraft.client.gui.screens.GenericMessageScreen@7bf8a4bc
[15:00:30] [Render thread/INFO] (BiomeModificationImpl) Applied 56 biome modifications to 56 of 67 new biomes in 1.901 ms
[15:00:30] [Server thread/INFO] (Minecraft) Starting integrated minecraft server version 26.3
[15:00:30] [Server thread/INFO] (Minecraft) Generating keypair
[15:00:30] [Server thread/INFO] (airdefense) [airdefense] town styles on
[15:00:30] [Server thread/INFO] (Minecraft) Selecting global world spawn...
[15:00:55] [Server thread/INFO] (Minecraft) Loading 0 persistent chunks...
[15:00:55] [Server thread/INFO] (Minecraft) Preparing spawn area: 16%
[15:00:55] [Server thread/INFO] (Minecraft) Saving chunks for level 'ServerLevel[New World]'/minecraft:overworld
[15:00:55] [Server thread/INFO] (Minecraft) Saving chunks for level 'ServerLevel[New World]'/minecraft:the_end
[15:00:55] [Server thread/INFO] (Minecraft) Saving chunks for level 'ServerLevel[New World]'/minecraft:the_nether
[15:00:55] [Render thread/INFO] (fabric-client-gametest-api-v1) World loading finished: null screen: net.minecraft.client.gui.screens.LevelLoadingScreen@a178575
[15:00:55] [Render thread/INFO] (fabric-client-gametest-api-v1) World loading finished: null screen: net.minecraft.client.gui.screens.LevelLoadingScreen@a178575
[15:00:55] [Render thread/INFO] (fabric-client-gametest-api-v1) World loading finished: null screen: net.minecraft.client.gui.screens.LevelLoadingScreen@a178575
[15:00:55] [Render thread/INFO] (fabric-client-gametest-api-v1) World loading finished: null screen: net.minecraft.client.gui.screens.LevelLoadingScreen@a178575
[15:00:55] [Render thread/INFO] (fabric-client-gametest-api-v1) World loading finished: null screen: net.minecraft.client.gui.screens.LevelLoadingScreen@a178575
[15:00:55] [Render thread/INFO] (fabric-client-gametest-api-v1) World loading finished: null screen: net.minecraft.client.gui.screens.LevelLoadingScreen@a178575
[15:00:55] [Render thread/INFO] (fabric-client-gametest-api-v1) World loading finished: null screen: net.minecraft.client.gui.screens.LevelLoadingScreen@a178575
[15:00:56] [Render thread/INFO] (fabric-client-gametest-api-v1) World loading finished: null screen: net.minecraft.client.gui.screens.LevelLoadingScreen@a178575
[15:00:56] [Render thread/INFO] (fabric-client-gametest-api-v1) World loading finished: null screen: net.minecraft.client.gui.screens.LevelLoadingScreen@a178575
[15:00:56] [Server thread/INFO] (Minecraft) Loading 47 chunks for player spawn...
[15:00:56] [Server thread/INFO] (Minecraft) Preparing spawn area: 16%
[15:00:56] [Render thread/INFO] (fabric-client-gametest-api-v1) World loading finished: null screen: net.minecraft.client.gui.screens.LevelLoadingScreen@a178575
[15:00:56] [Server thread/INFO] (Minecraft) Preparing spawn area: 16%
[15:00:56] [Render thread/INFO] (fabric-client-gametest-api-v1) World loading finished: null screen: net.minecraft.client.gui.screens.LevelLoadingScreen@a178575
[15:00:56] [Server thread/INFO] (Minecraft) Preparing spawn area: 16%
[15:00:56] [Render thread/INFO] (fabric-client-gametest-api-v1) World loading finished: null screen: net.minecraft.client.gui.screens.LevelLoadingScreen@a178575
[15:00:56] [Server thread/INFO] (Minecraft) Preparing spawn area: 16%
[15:00:56] [Render thread/INFO] (fabric-client-gametest-api-v1) World loading finished: null screen: net.minecraft.client.gui.screens.LevelLoadingScreen@a178575
[15:00:56] [Server thread/INFO] (Minecraft) Preparing spawn area: 16%
[15:00:56] [Render thread/INFO] (fabric-client-gametest-api-v1) World loading finished: null screen: net.minecraft.client.gui.screens.LevelLoadingScreen@a178575
[15:00:56] [Server thread/INFO] (Minecraft) Preparing spawn area: 16%
[15:00:56] [Render thread/INFO] (fabric-client-gametest-api-v1) World loading finished: null screen: net.minecraft.client.gui.screens.LevelLoadingScreen@a178575
[15:00:56] [Server thread/INFO] (Minecraft) Preparing spawn area: 16%
[15:00:57] [Render thread/INFO] (fabric-client-gametest-api-v1) World loading finished: null screen: net.minecraft.client.gui.screens.LevelLoadingScreen@a178575
[15:00:57] [Server thread/INFO] (Minecraft) Preparing spawn area: 16%
[15:00:57] [Render thread/INFO] (fabric-client-gametest-api-v1) World loading finished: null screen: net.minecraft.client.gui.screens.LevelLoadingScreen@a178575
[15:00:57] [Server thread/INFO] (Minecraft) Preparing spawn area: 16%
[15:00:57] [Render thread/INFO] (fabric-client-gametest-api-v1) World loading finished: null screen: net.minecraft.client.gui.screens.LevelLoadingScreen@a178575
[15:00:57] [Server thread/INFO] (Minecraft) Preparing spawn area: 16%
[15:00:57] [Render thread/INFO] (fabric-client-gametest-api-v1) World loading finished: null screen: net.minecraft.client.gui.screens.LevelLoadingScreen@a178575
[15:00:57] [Server thread/INFO] (Minecraft) Preparing spawn area: 27%
[15:00:57] [Render thread/INFO] (fabric-client-gametest-api-v1) World loading finished: null screen: net.minecraft.client.gui.screens.LevelLoadingScreen@a178575
[15:00:57] [Server thread/INFO] (Minecraft) Preparing spawn area: 27%
[15:00:57] [Render thread/INFO] (fabric-client-gametest-api-v1) World loading finished: null screen: net.minecraft.client.gui.screens.LevelLoadingScreen@a178575
[15:00:57] [Server thread/INFO] (Minecraft) Preparing spawn area: 29%
[15:00:57] [Render thread/INFO] (fabric-client-gametest-api-v1) World loading finished: null screen: net.minecraft.client.gui.screens.LevelLoadingScreen@a178575
[15:00:57] [Server thread/INFO] (Minecraft) Preparing spawn area: 29%
[15:00:57] [Render thread/INFO] (fabric-client-gametest-api-v1) World loading finished: null screen: net.minecraft.client.gui.screens.LevelLoadingScreen@a178575
[15:00:57] [Server thread/INFO] (Minecraft) Preparing spawn area: 29%
[15:00:58] [Render thread/INFO] (fabric-client-gametest-api-v1) World loading finished: null screen: net.minecraft.client.gui.screens.LevelLoadingScreen@a178575
[15:00:58] [Server thread/INFO] (Minecraft) Preparing spawn area: 29%
[15:00:58] [Render thread/INFO] (fabric-client-gametest-api-v1) World loading finished: null screen: net.minecraft.client.gui.screens.LevelLoadingScreen@a178575
[15:00:58] [Server thread/INFO] (Minecraft) Preparing spawn area: 29%
[15:00:58] [Render thread/INFO] (fabric-client-gametest-api-v1) World loading finished: null screen: net.minecraft.client.gui.screens.LevelLoadingScreen@a178575
[15:00:58] [Server thread/INFO] (Minecraft) Preparing spawn area: 29%
[15:00:58] [Render thread/INFO] (fabric-client-gametest-api-v1) World loading finished: null screen: net.minecraft.client.gui.screens.LevelLoadingScreen@a178575
[15:00:58] [Server thread/INFO] (Minecraft) Preparing spawn area: 29%
[15:00:58] [Render thread/INFO] (fabric-client-gametest-api-v1) World loading finished: null screen: net.minecraft.client.gui.screens.LevelLoadingScreen@a178575
[15:00:58] [Server thread/WARN] (Minecraft) Can't keep up! Is the server overloaded? Running 2035ms or 40 ticks behind
[15:00:58] [Server thread/INFO] (Minecraft) Preparing spawn area: 55%
[15:00:58] [Render thread/INFO] (fabric-client-gametest-api-v1) World loading finished: null screen: net.minecraft.client.gui.screens.LevelLoadingScreen@a178575
[15:00:58] [Server thread/INFO] (Minecraft) Preparing spawn area: 57%
[15:00:58] [Render thread/INFO] (fabric-client-gametest-api-v1) World loading finished: null screen: net.minecraft.client.gui.screens.LevelLoadingScreen@a178575
[15:00:58] [Server thread/INFO] (Minecraft) Preparing spawn area: 57%
[15:00:59] [Render thread/INFO] (fabric-client-gametest-api-v1) World loading finished: null screen: net.minecraft.client.gui.screens.LevelLoadingScreen@a178575
[15:00:59] [Server thread/INFO] (Minecraft) Preparing spawn area: 57%
[15:00:59] [Render thread/INFO] (fabric-client-gametest-api-v1) World loading finished: null screen: net.minecraft.client.gui.screens.LevelLoadingScreen@a178575
[15:00:59] [Server thread/INFO] (Minecraft) Preparing spawn area: 57%
[15:00:59] [Render thread/INFO] (fabric-client-gametest-api-v1) World loading finished: null screen: net.minecraft.client.gui.screens.LevelLoadingScreen@a178575
[15:00:59] [Server thread/INFO] (Minecraft) Preparing spawn area: 57%
[15:00:59] [Render thread/INFO] (fabric-client-gametest-api-v1) World loading finished: null screen: net.minecraft.client.gui.screens.LevelLoadingScreen@a178575
[15:00:59] [Server thread/INFO] (Minecraft) Preparing spawn area: 57%
[15:00:59] [Render thread/INFO] (fabric-client-gametest-api-v1) World loading finished: null screen: net.minecraft.client.gui.screens.LevelLoadingScreen@a178575
[15:00:59] [Server thread/INFO] (Minecraft) Preparing spawn area: 59%
[15:00:59] [Render thread/INFO] (fabric-client-gametest-api-v1) World loading finished: null screen: net.minecraft.client.gui.screens.LevelLoadingScreen@a178575
[15:00:59] [Server thread/INFO] (Minecraft) Preparing spawn area: 92%
[15:00:59] [Render thread/INFO] (fabric-client-gametest-api-v1) World loading finished: null screen: net.minecraft.client.gui.screens.LevelLoadingScreen@a178575
[15:00:59] [Server thread/INFO] (Minecraft) Preparing spawn area: 100%
[15:00:59] [Server thread/INFO] (Minecraft) Time elapsed: 29460 ms
[15:00:59] [Render thread/INFO] (fabric-client-gametest-api-v1) World loading finished: null screen: net.minecraft.client.gui.screens.LevelLoadingScreen@a178575
[15:00:59] [Server thread/INFO] (Minecraft) Player0[local:E:2387b05a] logged in with entity id 2 at (-7.5, 70.0, -0.5)
[15:00:59] [Server thread/INFO] (Minecraft) System chat: Player0 joined the game
[15:01:00] [Server thread/INFO] (airdefense) [airdefense] slow tick 60 ms:; the rest (the game) 60 ms
[15:01:00] [Server thread/INFO] (Minecraft) Changing view distance to 12, from 10
[15:01:00] [Server thread/INFO] (Minecraft) Changing simulation distance to 12, from 0
[15:01:00] [Render thread/INFO] (Minecraft) Loaded 2 advancements
[15:01:00] [Render thread/INFO] (fabric-client-gametest-api-v1) World loading finished: ClientLevel screen: net.minecraft.client.gui.screens.LevelLoadingScreen@a178575
[15:01:00] [Server thread/INFO] (airdefense) [airdefense] slow tick 109 ms:; the rest (the game) 109 ms
[15:01:00] [Render thread/INFO] (fabric-client-gametest-api-v1) World loading finished: ClientLevel screen: net.minecraft.client.gui.screens.LevelLoadingScreen@a178575
[15:01:00] [Render thread/INFO] (fabric-client-gametest-api-v1) World loading finished: ClientLevel screen: net.minecraft.client.gui.screens.LevelLoadingScreen@a178575
[15:01:00] [Render thread/INFO] (fabric-client-gametest-api-v1) World loading finished: ClientLevel screen: net.minecraft.client.gui.screens.LevelLoadingScreen@a178575
[15:01:01] [Render thread/INFO] (fabric-client-gametest-api-v1) World loading finished: ClientLevel screen: net.minecraft.client.gui.screens.LevelLoadingScreen@a178575
[15:01:01] [Render thread/INFO] (fabric-client-gametest-api-v1) World loading finished: ClientLevel screen: net.minecraft.client.gui.screens.LevelLoadingScreen@a178575
[15:01:01] [Render thread/INFO] (fabric-client-gametest-api-v1) World loading finished: ClientLevel screen: net.minecraft.client.gui.screens.LevelLoadingScreen@a178575
[15:01:01] [Render thread/INFO] (Minecraft) Resizing Chunk Sections Command Buffer, capacity limit of 16 reached during a single frame. New capacity will be 32.
[15:01:01] [Server thread/INFO] (airdefense) [airdefense] slow tick 80 ms:; the rest (the game) 80 ms
[15:01:01] [Render thread/INFO] (fabric-client-gametest-api-v1) World loading finished: ClientLevel screen: null
[15:01:01] [Render thread/INFO] (Minecraft) Reloading ResourceManager: vanilla, vanilla, airdefense, fabric-advancement-api-v1, fabric-api, fabric-api-base, fabric-api-lookup-api-v1, fabric-biome-api-v1, fabric-block-api-v1, fabric-block-getter-api-v2, fabric-client-gametest-api-v1, fabric-command-api-v2, fabric-content-registries-v0, fabric-convention-tags-v2, fabric-crash-report-info-v1, fabric-creative-tab-api-v1, fabric-data-attachment-api-v1, fabric-data-generation-api-v1, fabric-debug-api-v1, fabric-dimensions-v1, fabric-entity-events-v1, fabric-events-interaction-v0, fabric-game-rule-api-v1, fabric-gametest-api-v1, fabric-item-api-v1, fabric-key-mapping-api-v1, fabric-lifecycle-events-v1, fabric-loot-api-v3, fabric-menu-api-v1, fabric-message-api-v1, fabric-model-loading-api-v1, fabric-networking-api-v1, fabric-object-builder-api-v1, fabric-particles-v1, fabric-permission-api-v1, fabric-recipe-api-v1, fabric-registry-sync-v0, fabric-renderer-api-v1, fabric-renderer-indigo, fabric-rendering-fluids-v1, fabric-rendering-v1, fabric-resource-conditions-api-v1, fabric-resource-loader-v0, fabric-resource-loader-v1, fabric-screen-api-v1, fabric-serialization-api-v1, fabric-sound-api-v1, fabric-tag-api-v1, fabric-transfer-api-v1, fabric-transitive-access-wideners-v1, fabricloader
[15:01:01] [Server thread/INFO] (Minecraft) Saving and pausing game...
[15:01:01] [Server thread/INFO] (Minecraft) Saving chunks for level 'ServerLevel[New World]'/minecraft:overworld
[15:01:01] [Server thread/INFO] (Minecraft) Saving chunks for level 'ServerLevel[New World]'/minecraft:the_end
[15:01:01] [Server thread/INFO] (Minecraft) Saving chunks for level 'ServerLevel[New World]'/minecraft:the_nether
[15:01:02] [Worker-Main-2/INFO] (Minecraft) Found unifont_all_no_pua-17.0.01.hex, loading
[15:01:02] [Worker-Main-1/INFO] (Minecraft) Found unifont_pua-17.0.01.hex, loading
[15:01:02] [Worker-Main-2/INFO] (Minecraft) Found unifont_jp_patch-17.0.01.hex, loading
[15:01:05] [Render thread/INFO] (Minecraft) OpenAL initialized on device No Output
[15:01:05] [Render thread/INFO] (Minecraft) Sound engine started
[15:01:05] [Render thread/INFO] (Minecraft) Created: 1024x1024x0 minecraft:textures/atlas/particles.png-atlas
[15:01:05] [Render thread/INFO] (Minecraft) Created: 256x128x0 minecraft:textures/atlas/celestials.png-atlas
[15:01:05] [Render thread/INFO] (Minecraft) Created: 128x128x0 minecraft:textures/atlas/decorated_pot.png-atlas
[15:01:05] [Render thread/INFO] (Minecraft) Created: 512x256x0 minecraft:textures/atlas/paintings.png-atlas
[15:01:05] [Render thread/INFO] (Minecraft) Created: 1024x512x0 minecraft:textures/atlas/shield_patterns.png-atlas
[15:01:05] [Render thread/INFO] (Minecraft) Created: 1024x512x0 minecraft:textures/atlas/banner_patterns.png-atlas
[15:01:05] [Render thread/INFO] (Minecraft) Created: 2048x2048x4 minecraft:textures/atlas/blocks.png-atlas
[15:01:06] [Render thread/INFO] (Minecraft) Created: 8192x4096x0 minecraft:textures/atlas/items.png-atlas
[15:01:06] [Render thread/INFO] (Minecraft) Created: 1024x1024x0 minecraft:textures/atlas/gui.png-atlas
[15:01:06] [Render thread/INFO] (Minecraft) Created: 128x64x0 minecraft:textures/atlas/map_decorations.png-atlas
[15:01:06] [Render thread/INFO] (Minecraft) Created: 512x512x0 minecraft:textures/atlas/chest.png-atlas
[15:01:06] [Render thread/INFO] (Minecraft) Created: 512x512x0 minecraft:textures/atlas/shulker_boxes.png-atlas
[15:01:06] [Render thread/WARN] (Minecraft) Requested post effect does not exist: minecraft:end_of_frame
[15:01:08] [Server thread/INFO] (airdefense) [airdefense] slow tick 62 ms:; the rest (the game) 62 ms
[15:01:08] [Server thread/INFO] (airdefense) [airdefense] slow tick 78 ms:; the rest (the game) 78 ms
[15:01:09] [Server thread/INFO] (airdefense) [airdefense] slow tick 93 ms: nations 27 ms (1) arsenals 27 ms (1); the rest (the game) 38 ms
[15:01:09] [Render thread/INFO] (Minecraft) Resizing Chunk Sections Command Buffer, capacity limit of 32 reached during a single frame. New capacity will be 64.
[15:01:09] [Render thread/INFO] (Minecraft) Resizing Chunk Sections Instanced, capacity limit of 16 reached during a single frame. New capacity will be 32.
[15:01:09] [Server thread/INFO] (airdefense) [airdefense] slow tick 67 ms:; the rest (the game) 67 ms
[15:01:09] [Render thread/INFO] (Minecraft) Resizing Chunk Sections Command Buffer, capacity limit of 64 reached during a single frame. New capacity will be 128.
[15:01:09] [Render thread/INFO] (Minecraft) Resizing Chunk Sections Instanced, capacity limit of 32 reached during a single frame. New capacity will be 64.
[15:01:10] [Render thread/INFO] (Minecraft) Resizing Chunk Sections Command Buffer, capacity limit of 128 reached during a single frame. New capacity will be 256.
[15:01:10] [Render thread/INFO] (Minecraft) Resizing Chunk Sections Instanced, capacity limit of 64 reached during a single frame. New capacity will be 128.
[15:01:11] [Server thread/INFO] (airdefense) [airdefense] slow tick 70 ms:; the rest (the game) 70 ms
[15:01:11] [Server thread/INFO] (airdefense) [airdefense] slow tick 71 ms:; the rest (the game) 71 ms
[15:01:15] [Server thread/INFO] (airdefense) [airdefense] slow tick 70 ms:; the rest (the game) 70 ms
[15:01:15] [Test thread/INFO] (airdefense) [airdefense-test] language ru_ru after 62 ticks
[15:01:15] [Server thread/INFO] (Minecraft) System chat: Режим игры игрока Player0 изменён на Режим наблюдателя
[15:01:15] [Server thread/INFO] (Minecraft) System chat: Установлено minecraft:overworld на 6000 тактов
[15:01:15] [Server thread/INFO] (Minecraft) System chat: Установлена ясная погода
[15:01:15] [Server thread/INFO] (Minecraft) System chat: Установлено значение игрового правила advance_time: false
[15:01:15] [Server thread/INFO] (Minecraft) System chat: Установлено значение игрового правила advance_weather: false
[15:01:15] [Server thread/INFO] (airdefense) [airdefense-test] RESULT metro_plan: 19 parts (centre 1, estates 8, suburbs 7, works 3), 2588 m across (2588 x 2252), 1604 buildings; a far cell planned in 176 ms (0 towns), its roads in 0 ms (0 roads); towns of the country beyond: 2; districts in all 3375 planned, 192 given up
[15:01:15] [Server thread/INFO] (Minecraft) System chat: Player0 телепортирован в точку 1401.000000, 154.000000, 1390.000000
[15:01:15] [Server thread/INFO] (Minecraft) Changing view distance to 16, from 12
[15:01:15] [Render thread/INFO] (Minecraft) [System] [CHAT] Ваш режим игры изменён на Режим наблюдателя
[15:01:16] [Server thread/INFO] (airdefense) [airdefense] slow tick 64 ms:; the rest (the game) 64 ms
[15:01:23] [Server thread/INFO] (airdefense) [airdefense] slow tick 4152 ms:; the rest (the game) 4152 ms
[15:01:24] [Server thread/INFO] (airdefense) [airdefense] slow tick 358 ms:; the rest (the game) 358 ms
[15:01:25] [Server thread/INFO] (airdefense) [airdefense] slow tick 1169 ms:; the rest (the game) 1168 ms
[15:01:26] [Server thread/INFO] (airdefense) [airdefense] slow tick 287 ms:; the rest (the game) 287 ms
[15:01:26] [Server thread/INFO] (airdefense) [airdefense] slow tick 390 ms:; the rest (the game) 390 ms
[15:01:26] [Server thread/INFO] (airdefense) [airdefense] slow tick 74 ms:; the rest (the game) 74 ms
[15:01:28] [Server thread/INFO] (airdefense) [airdefense] slow tick 628 ms:; the rest (the game) 628 ms
[15:01:28] [Server thread/INFO] (airdefense) [airdefense] slow tick 290 ms:; the rest (the game) 290 ms
[15:01:28] [airdefense-atlas/INFO] (airdefense) [airdefense] atlas ready: 231 cities, 4 hamlets, 246 roads, 118 KB, 33288 ms (land 24767, plan 6678, pack 1842; 2 threads)
[15:01:28] [Server thread/INFO] (airdefense) [airdefense] slow tick 399 ms:; the rest (the game) 399 ms
[15:01:28] [Server thread/INFO] (airdefense) [airdefense] slow tick 78 ms:; the rest (the game) 78 ms
[15:01:28] [Server thread/INFO] (airdefense) [airdefense] city Полянка (LARGE, 1419 people, 61 buildings) at -4596, 90, -1650 -> Союз Ульмания (capital)
[15:01:28] [Server thread/INFO] (airdefense) [airdefense] city Старая Семёновка (LARGE, 1246 people, 57 buildings) at -4652, 69, 1451 -> Земля Туровия (capital)
[15:01:28] [Server thread/INFO] (airdefense) [airdefense] city Луговое (LARGE, 1454 people, 74 buildings) at -4478, 66, 4533 -> Княжество Ильмения (capital)
[15:01:29] [Render thread/INFO] (airdefense) [airdefense] atlas received: 231 cities, 4 hamlets, 246 roads
[15:01:29] [Server thread/INFO] (airdefense) [airdefense] city Верболозье (LARGE, 1548 people, 70 buildings) at -1490, 104, -1654 -> Королевство Арвения (capital)
[15:01:29] [Server thread/INFO] (airdefense) [airdefense] city Каменка (LARGE, 1450 people, 102 buildings) at -1509, 72, 1679 -> Княжество Яргения (capital)
[15:01:29] [Server thread/INFO] (airdefense) [airdefense] city Рябиновка (LARGE, 1406 people, 76 buildings) at 1541, 68, -4486 -> Земля Озерия (capital)
[15:01:29] [Server thread/INFO] (airdefense) [airdefense] city Большое Верболозье (LARGE, 1201 people, 55 buildings) at 1563, 85, 1552 -> Федерация Синегория (capital)
[15:01:29] [Server thread/INFO] (airdefense) [airdefense] city Хуторок (LARGE, 1552 people, 86 buildings) at 1452, 71, 4572 -> Королевство Луговия (capital)
[15:01:29] [Server thread/INFO] (airdefense) [airdefense] city Нижние Озерки (LARGE, 1475 people, 60 buildings) at 4731, 94, -4651 -> Княжество Угория (capital)
[15:01:29] [Server thread/INFO] (airdefense) [airdefense] city Светлый Луг (LARGE, 1289 people, 68 buildings) at 4604, 68, -1540 -> Земля Ратония (capital)
[15:01:29] [Server thread/INFO] (airdefense) [airdefense] city Дубки (LARGE, 1380 people, 71 buildings) at 4534, 69, 1587 -> Королевство Лиравия (capital)
[15:01:29] [Server thread/INFO] (airdefense) [airdefense] city Липовка (LARGE, 1674 people, 79 buildings) at -4211, 78, -1617 -> Союз Ульмания
[15:01:29] [Server thread/INFO] (airdefense) [airdefense] city Озерки (LARGE, 1528 people, 68 buildings) at -4456, 79, -1331 -> Союз Ульмания
[15:01:29] [Server thread/INFO] (airdefense) [airdefense] city Заречье (LARGE, 715 people, 77 buildings) at -4708, 78, -1998 -> Союз Ульмания
[15:01:29] [Server thread/INFO] (airdefense) [airdefense] city Боровое (LARGE, 1402 people, 85 buildings) at -4357, 67, -1955 -> Союз Ульмания
[15:01:29] [Server thread/INFO] (airdefense) [airdefense] city Семёновка (LARGE, 686 people, 163 buildings) at -4100, 66, -2253 -> Союз Ульмания
[15:01:29] [Server thread/INFO] (airdefense) [airdefense] city Яблоневка (LARGE, 1566 people, 44 buildings) at -3836, 73, -1838 -> Союз Ульмания
[15:01:29] [Server thread/INFO] (airdefense) [airdefense] city Верхняя Сосновка (LARGE, 1626 people, 58 buildings) at -3848, 85, -1454 -> Союз Ульмания
[15:01:29] [Server thread/INFO] (airdefense) [airdefense] city Студёное (LARGE, 652 people, 126 buildings) at -5324, 71, -1910 -> Союз Ульмания
[15:01:29] [Server thread/INFO] (airdefense) [airdefense] city Сосновый Бор (MEDIUM, 315 people, 79 buildings) at -4398, 74, -485 -> Союз Ульмания
[15:01:29] [Server thread/INFO] (airdefense) [airdefense] city Курганы (LARGE, 665 people, 130 buildings) at -5441, 76, -2501 -> Союз Ульмания
[15:01:29] [Server thread/INFO] (airdefense) [airdefense] city Большое Степное (LARGE, 707 people, 150 buildings) at -3433, 72, -1629 -> Союз Ульмания
[15:01:29] [Server thread/INFO] (airdefense) [airdefense] city Подгорное (LARGE, 1388 people, 80 buildings) at -4927, 72, 1149 -> Земля Туровия
[15:01:29] [Server thread/INFO] (airdefense) [airdefense] city Большие Овражки (LARGE, 1760 people, 54 buildings) at -4405, 68, 1688 -> Земля Туровия
[15:01:29] [Server thread/INFO] (airdefense) [airdefense] city Ивановка (LARGE, 1660 people, 80 buildings) at -5043, 75, 1542 -> Земля Туровия
[15:01:29] [Server thread/INFO] (airdefense) [airdefense] city Белый Ключ (LARGE, 1812 people, 88 buildings) at -4124, 69, 1992 -> Земля Туровия
[15:01:29] [Server thread/INFO] (airdefense) [airdefense] city Ясенево (LARGE, 1484 people, 59 buildings) at -4722, 88, 685 -> Земля Туровия
[15:01:29] [Server thread/INFO] (airdefense) [airdefense] city Ключи (MEDIUM, 486 people, 45 buildings) at -4120, 72, 392 -> Земля Туровия
[15:01:29] [Server thread/INFO] (airdefense) [airdefense] city Черёмушки (MEDIUM, 353 people, 69 buildings) at -3750, 72, 665 -> Земля Туровия
[15:01:29] [Server thread/INFO] (airdefense) [airdefense] city Малые Ключи (MEDIUM, 502 people, 54 buildings) at -3502, 72, 1326 -> Земля Туровия
[15:01:29] [Server thread/INFO] (airdefense) [airdefense] city Зелёная Роща (LARGE, 663 people, 86 buildings) at -3548, 71, 1905 -> Земля Туровия
[15:01:29] [Server thread/INFO] (airdefense) [airdefense] city Гончарово (MEDIUM, 437 people, 63 buildings) at -3896, 64, 2350 -> Земля Туровия
[15:01:29] [Server thread/INFO] (airdefense) [airdefense] city Красный Яр (LARGE, 658 people, 94 buildings) at -5323, 64, 2436 -> Земля Туровия
[15:01:29] [Server thread/INFO] (airdefense) [airdefense] city Кузнецово (MEDIUM, 504 people, 69 buildings) at -5319, 74, 492 -> Земля Туровия
[15:01:29] [Server thread/INFO] (airdefense) [airdefense] city Пригорки (LARGE, 984 people, 132 buildings) at -4754, 94, 236 -> Земля Туровия
[15:01:29] [Server thread/INFO] (airdefense) [airdefense] city Сосновка (LARGE, 1336 people, 96 buildings) at -4845, 70, 4562 -> Княжество Ильмения
[15:01:29] [Server thread/INFO] (airdefense) [airdefense] city Калиновка (LARGE, 975 people, 74 buildings) at -4680, 66, 4189 -> Княжество Ильмения
[15:01:29] [Server thread/INFO] (airdefense) [airdefense] city Старая Сосновка (LARGE, 1712 people, 94 buildings) at -4243, 65, 4222 -> Княжество Ильмения
[15:01:29] [Server thread/INFO] (airdefense) [airdefense] city Петровское (LARGE, 1410 people, 87 buildings) at -4112, 66, 4514 -> Княжество Ильмения
[15:01:29] [Server thread/INFO] (airdefense) [airdefense] city Мостки (LARGE, 910 people, 109 buildings) at -5263, 69, 4376 -> Княжество Ильмения
[15:01:29] [Server thread/INFO] (airdefense) [airdefense] city Степное (LARGE, 1460 people, 102 buildings) at -3772, 66, 4223 -> Княжество Ильмения
[15:01:29] [Server thread/INFO] (airdefense) [airdefense] city Ветряки (LARGE, 957 people, 87 buildings) at -3704, 67, 4684 -> Княжество Ильмения
[15:01:29] [Server thread/INFO] (airdefense) [airdefense] city Малая Малиновка (LARGE, 683 people, 164 buildings) at -4005, 66, 5108 -> Княжество Ильмения
[15:01:29] [Server thread/INFO] (airdefense) [airdefense] city Пасека (MEDIUM, 445 people, 72 buildings) at -5544, 65, 5069 -> Княжество Ильмения
[15:01:29] [Server thread/INFO] (airdefense) [airdefense] city Нижнее Кузнецово (LARGE, 851 people, 130 buildings) at -5650, 70, 4522 -> Княжество Ильмения
[15:01:30] [Server thread/INFO] (airdefense) [airdefense] slow tick 448 ms:; the rest (the game) 448 ms
[15:01:30] [Server thread/INFO] (airdefense) [airdefense] city Новое Мельничное (LARGE, 720 people, 127 buildings) at -5506, 84, 3978 -> Княжество Ильмения
[15:01:30] [Server thread/INFO] (airdefense) [airdefense] city Новое Вишнёвое (MEDIUM, 553 people, 70 buildings) at -5203, 68, 3583 -> Княжество Ильмения
[15:01:30] [Server thread/INFO] (airdefense) [airdefense] city Большое Боровое (LARGE, 661 people, 140 buildings) at -4621, 66, 3346 -> Княжество Ильмения
[15:01:30] [Server thread/INFO] (airdefense) [airdefense] city Новое Троицкое (LARGE, 661 people, 92 buildings) at -3539, 72, 3778 -> Княжество Ильмения
[15:01:30] [Server thread/INFO] (airdefense) [airdefense] city Старое Студёное (LARGE, 656 people, 164 buildings) at -3325, 69, 4835 -> Княжество Ильмения
[15:01:30] [Server thread/INFO] (airdefense) [airdefense] city Старое Боровое (LARGE, 931 people, 142 buildings) at -3691, 79, 5343 -> Княжество Ильмения
[15:01:30] [Server thread/INFO] (airdefense) [airdefense] slow tick 276 ms:; the rest (the game) 276 ms
[15:01:30] [Server thread/INFO] (airdefense) [airdefense] city Березино (MEDIUM, 351 people, 39 buildings) at -4082, 68, 5621 -> Княжество Ильмения
[15:01:30] [Server thread/INFO] (airdefense) [airdefense] city Старые Овражки (SMALL, 181 people, 28 buildings) at -224, 70, -2290 -> Королевство Арвения
[15:01:30] [Server thread/INFO] (airdefense) [airdefense] city Медовка (LARGE, 1496 people, 65 buildings) at -1562, 96, -1300 -> Королевство Арвения
[15:01:30] [Server thread/INFO] (airdefense) [airdefense] city Никольское (LARGE, 874 people, 87 buildings) at -1882, 91, -1561 -> Королевство Арвения
[15:01:30] [Server thread/INFO] (airdefense) [airdefense] city Старые Ветряки (LARGE, 1376 people, 73 buildings) at -1801, 83, -1957 -> Королевство Арвения
[15:01:30] [Server thread/INFO] (airdefense) [airdefense] city Малая Каменка (LARGE, 1362 people, 40 buildings) at -1402, 100, -2023 -> Королевство Арвения
[15:01:30] [Server thread/INFO] (airdefense) [airdefense] city Верхний Хуторок (LARGE, 1824 people, 92 buildings) at -1123, 88, -1781 -> Королевство Арвения
[15:01:30] [Server thread/INFO] (airdefense) [airdefense] city Большая Калиновка (LARGE, 1700 people, 63 buildings) at -1270, 85, -897 -> Королевство Арвения
[15:01:30] [Server thread/INFO] (airdefense) [airdefense] city Верхнее Петровское (LARGE, 1778 people, 61 buildings) at -1717, 71, -871 -> Королевство Арвения
[15:01:31] [Server thread/INFO] (airdefense) [airdefense] slow tick 393 ms:; the rest (the game) 392 ms
[15:01:31] [Server thread/INFO] (airdefense) [airdefense] city Большой Ольховец (LARGE, 676 people, 89 buildings) at -2104, 78, -1220 -> Королевство Арвения
[15:01:31] [Server thread/INFO] (airdefense) [airdefense] city Ручьи (LARGE, 746 people, 69 buildings) at -2269, 78, -1659 -> Королевство Арвения
[15:01:31] [Server thread/INFO] (airdefense) [airdefense] city Большое Ясенево (LARGE, 1592 people, 40 buildings) at -2130, 71, -2111 -> Королевство Арвения
[15:01:31] [Server thread/INFO] (airdefense) [airdefense] city Новое Заречье (LARGE, 1696 people, 66 buildings) at -1655, 112, -2403 -> Королевство Арвения
[15:01:31] [Server thread/INFO] (airdefense) [airdefense] city Малое Заречье (LARGE, 981 people, 128 buildings) at -1247, 99, -2447 -> Королевство Арвения
[15:01:31] [Server thread/INFO] (airdefense) [airdefense] city Мельничное (LARGE, 821 people, 86 buildings) at -2194, 85, -2605 -> Королевство Арвения
[15:01:31] [Server thread/INFO] (airdefense) [airdefense] city Малый Ольховец (LARGE, 827 people, 94 buildings) at -1618, 106, -2816 -> Королевство Арвения
[15:01:31] [Server thread/INFO] (airdefense) [airdefense] city Большое Троицкое (LARGE, 711 people, 85 buildings) at -1095, 108, -2737 -> Королевство Арвения
[15:01:31] [Server thread/INFO] (airdefense) [airdefense] city Нижний Хуторок (LARGE, 792 people, 147 buildings) at -737, 108, -2591 -> Королевство Арвения
[15:01:31] [Server thread/INFO] (airdefense) [airdefense] slow tick 174 ms:; the rest (the game) 174 ms
[15:01:31] [Server thread/INFO] (airdefense) [airdefense] city Вишнёвое (LARGE, 700 people, 144 buildings) at -856, 70, -600 -> Королевство Арвения
[15:01:31] [Server thread/INFO] (airdefense) [airdefense] city Верхнее Кузнецово (LARGE, 806 people, 89 buildings) at -1484, 70, -485 -> Королевство Арвения
[15:01:31] [Server thread/INFO] (airdefense) [airdefense] city Новые Курганы (SMALL, 241 people, 7 buildings) at -338, 99, 517 -> Княжество Яргения
[15:01:31] [Server thread/INFO] (airdefense) [airdefense] city Троицкое (LARGE, 1858 people, 72 buildings) at -1610, 65, 2017 -> Княжество Яргения
[15:01:31] [Server thread/INFO] (airdefense) [airdefense] city Малая Липовка (LARGE, 761 people, 92 buildings) at -1410, 69, 1310 -> Княжество Яргения
[15:01:31] [Server thread/INFO] (airdefense) [airdefense] city Старое Заречье (LARGE, 1330 people, 72 buildings) at -1162, 67, 1557 -> Княжество Яргения
[15:01:31] [Server thread/INFO] (airdefense) [airdefense] city Верхнее Березино (LARGE, 1376 people, 56 buildings) at -1236, 64, 1983 -> Княжество Яргения
[15:01:31] [Server thread/INFO] (airdefense) [airdefense] city Овражки (LARGE, 659 people, 110 buildings) at -787, 65, 1396 -> Княжество Яргения
[15:01:31] [Server thread/INFO] (airdefense) [airdefense] city Старое Троицкое (LARGE, 833 people, 97 buildings) at -768, 65, 1882 -> Княжество Яргения
[15:01:31] [Server thread/INFO] (airdefense) [airdefense] city Верхнее Заречье (LARGE, 836 people, 175 buildings) at -1019, 66, 2329 -> Княжество Яргения
[15:01:31] [Server thread/INFO] (airdefense) [airdefense] city Малое Верболозье (LARGE, 1562 people, 87 buildings) at -1470, 68, 2459 -> Княжество Яргения
[15:01:31] [Server thread/INFO] (airdefense) [airdefense] city Старое Луговое (LARGE, 1734 people, 55 buildings) at -2014, 67, 1013 -> Княжество Яргения
[15:01:31] [Server thread/INFO] (airdefense) [airdefense] city Малиновка (LARGE, 1894 people, 60 buildings) at -1553, 65, 875 -> Княжество Яргения
[15:01:31] [Server thread/INFO] (airdefense) [airdefense] city Ольховец (LARGE, 1828 people, 61 buildings) at -1024, 78, 1073 -> Княжество Яргения
[15:01:31] [Server thread/INFO] (airdefense) [airdefense] city Верхнее Степное (LARGE, 683 people, 156 buildings) at -879, 66, 2687 -> Княжество Яргения
[15:01:31] [Server thread/INFO] (airdefense) [airdefense] city Новые Озерки (LARGE, 783 people, 160 buildings) at -1347, 77, 2857 -> Княжество Яргения
[15:01:31] [Server thread/INFO] (airdefense) [airdefense] city Камышино (MEDIUM, 470 people, 58 buildings) at -2430, 65, 912 -> Княжество Яргения
[15:01:31] [Server thread/INFO] (airdefense) [airdefense] city Верхние Черёмушки (LARGE, 808 people, 154 buildings) at -1856, 69, 566 -> Княжество Яргения
[15:01:32] [Server thread/INFO] (airdefense) [airdefense] city Нижнее Камышино (LARGE, 815 people, 144 buildings) at -1384, 68, 490 -> Княжество Яргения
[15:01:32] [Server thread/INFO] (airdefense) [airdefense] city Большая Рябиновка (LARGE, 888 people, 137 buildings) at -773, 77, 766 -> Княжество Яргения
[15:01:32] [Server thread/INFO] (airdefense) [airdefense] city Малое Троицкое (MEDIUM, 305 people, 54 buildings) at -511, 77, 1129 -> Княжество Яргения
[15:01:32] [Server thread/INFO] (airdefense) [airdefense] city Новые Черёмушки (LARGE, 700 people, 115 buildings) at -327, 71, 1626 -> Княжество Яргения
[15:01:32] [Server thread/INFO] (airdefense) [airdefense] city Малое Ясенево (MEDIUM, 540 people, 47 buildings) at -473, 67, 2262 -> Княжество Яргения
[15:01:32] [Server thread/INFO] (airdefense) [airdefense] city Ясная Поляна (LARGE, 1530 people, 79 buildings) at 1800, 66, -4731 -> Земля Озерия
[15:01:32] [Server thread/INFO] (airdefense) [airdefense] city Большая Ивановка (LARGE, 1778 people, 66 buildings) at 1925, 65, -4366 -> Земля Озерия
[15:01:32] [Server thread/INFO] (airdefense) [airdefense] city Верхние Озерки (LARGE, 783 people, 91 buildings) at 1591, 67, -4120 -> Земля Озерия
[15:01:32] [Server thread/INFO] (airdefense) [airdefense] city Новая Покровка (LARGE, 1692 people, 87 buildings) at 1208, 67, -4647 -> Земля Озерия
[15:01:32] [Server thread/INFO] (airdefense) [airdefense] slow tick 84 ms:; the rest (the game) 83 ms
[15:01:32] [Server thread/INFO] (airdefense) [airdefense] city Нижнее Ракитное (LARGE, 1476 people, 46 buildings) at 1503, 64, -4827 -> Земля Озерия
[15:01:32] [Server thread/INFO] (airdefense) [airdefense] city Малые Ручьи (LARGE, 983 people, 129 buildings) at 2178, 72, -4935 -> Земля Озерия
[15:01:32] [Server thread/INFO] (airdefense) [airdefense] city Новые Дубки (LARGE, 1814 people, 80 buildings) at 2354, 68, -4460 -> Земля Озерия
[15:01:32] [Server thread/INFO] (airdefense) [airdefense] city Тихая Заводь (LARGE, 995 people, 101 buildings) at 2202, 68, -4020 -> Земля Озерия
[15:01:32] [Server thread/INFO] (airdefense) [airdefense] city Новое Гончарово (LARGE, 845 people, 117 buildings) at 1768, 68, -3729 -> Земля Озерия
[15:01:32] [Server thread/INFO] (airdefense) [airdefense] city Старый Ольховец (LARGE, 1668 people, 52 buildings) at 1305, 70, -3705 -> Земля Озерия
[15:01:32] [Server thread/INFO] (airdefense) [airdefense] slow tick 280 ms:; the rest (the game) 279 ms
[15:01:32] [Server thread/INFO] (airdefense) [airdefense] city Старая Покровка (LARGE, 775 people, 159 buildings) at 904, 76, -4021 -> Земля Озерия
[15:01:32] [Server thread/INFO] (airdefense) [airdefense] city Нижняя Ивановка (LARGE, 1302 people, 77 buildings) at 739, 70, -4530 -> Земля Озерия
[15:01:32] [Server thread/INFO] (airdefense) [airdefense] city Нижние Черёмушки (LARGE, 926 people, 79 buildings) at 874, 69, -4903 -> Земля Озерия
[15:01:32] [Server thread/INFO] (airdefense) [airdefense] city Новый Ольховец (LARGE, 1448 people, 72 buildings) at 1327, 68, -5285 -> Земля Озерия
[15:01:32] [Server thread/INFO] (airdefense) [airdefense] city Нижняя Липовка (LARGE, 1980 people, 86 buildings) at 1823, 69, -5237 -> Земля Озерия
[15:01:32] [Server thread/INFO] (airdefense) [airdefense] city Малые Озерки (MEDIUM, 603 people, 53 buildings) at 403, 81, -4511 -> Земля Озерия
[15:01:32] [Server thread/INFO] (airdefense) [airdefense] city Большая Покровка (LARGE, 747 people, 154 buildings) at 1037, 81, -5574 -> Земля Озерия
[15:01:32] [Server thread/INFO] (airdefense) [airdefense] city Верхнее Луговое (LARGE, 965 people, 102 buildings) at 1555, 82, -5672 -> Земля Озерия
[15:01:32] [Server thread/INFO] (airdefense) [airdefense] city Старая Полянка (MEDIUM, 424 people, 89 buildings) at 2118, 70, -5522 -> Земля Озерия
[15:01:32] [Server thread/INFO] (airdefense) [airdefense] city Малая Ивановка (LARGE, 880 people, 87 buildings) at 2692, 69, -4744 -> Земля Озерия
[15:01:32] [Server thread/INFO] (airdefense) [airdefense] city Верхние Ключи (LARGE, 738 people, 132 buildings) at 2647, 68, -4067 -> Земля Озерия
[15:01:32] [Server thread/INFO] (airdefense) [airdefense] city Старые Дубки (LARGE, 705 people, 176 buildings) at 2390, 65, -3646 -> Земля Озерия
[15:01:32] [Server thread/INFO] (airdefense) [airdefense] city Новое Ракитное (MEDIUM, 425 people, 85 buildings) at 1817, 64, -3341 -> Земля Озерия
[15:01:32] [Server thread/INFO] (airdefense) [airdefense] city Малые Мостки (LARGE, 720 people, 63 buildings) at 1392, 66, -3299 -> Земля Озерия
[15:01:32] [Server thread/INFO] (airdefense) [airdefense] city Старая Яблоневка (LARGE, 870 people, 144 buildings) at 758, 65, -3583 -> Земля Озерия
[15:01:32] [Server thread/INFO] (airdefense) [airdefense] city Малая Калиновка (LARGE, 725 people, 134 buildings) at 468, 74, -4044 -> Земля Озерия
[15:01:32] [Server thread/INFO] (airdefense) [airdefense] city Нижняя Пасека (SMALL, 255 people, 25 buildings) at 2568, 71, 338 -> Федерация Синегория
[15:01:32] [Server thread/INFO] (airdefense) [airdefense] city Покровка (MEDIUM, 582 people, 37 buildings) at 967, 71, 2804 -> Федерация Синегория
[15:01:33] [Server thread/INFO] (airdefense) [airdefense] city Старое Никольское (LARGE, 956 people, 69 buildings) at 1689, 89, 1930 -> Федерация Синегория
[15:01:33] [Server thread/INFO] (airdefense) [airdefense] city Ракитное (LARGE, 1974 people, 71 buildings) at 1284, 76, 1864 -> Федерация Синегория
[15:01:33] [Server thread/INFO] (airdefense) [airdefense] city Старая Рябиновка (LARGE, 1892 people, 94 buildings) at 1177, 75, 1496 -> Федерация Синегория
[15:01:33] [Server thread/INFO] (airdefense) [airdefense] city Малая Пасека (LARGE, 1972 people, 82 buildings) at 1452, 73, 1179 -> Федерация Синегория
[15:01:33] [Server thread/INFO] (airdefense) [airdefense] city Малое Боровое (LARGE, 1808 people, 61 buildings) at 1468, 74, 2324 -> Федерация Синегория
[15:01:33] [Server thread/INFO] (airdefense) [airdefense] city Малая Медовка (LARGE, 743 people, 82 buildings) at 1055, 64, 2176 -> Федерация Синегория
[15:01:33] [Server thread/INFO] (airdefense) [airdefense] city Большая Семёновка (LARGE, 1944 people, 82 buildings) at 771, 89, 1650 -> Федерация Синегория
[15:01:33] [Server thread/INFO] (airdefense) [airdefense] city Верхний Ольховец (LARGE, 1858 people, 74 buildings) at 840, 79, 1179 -> Федерация Синегория
[15:01:33] [Server thread/INFO] (airdefense) [airdefense] city Старая Калиновка (LARGE, 1894 people, 49 buildings) at 1170, 69, 913 -> Федерация Синегория
[15:01:33] [Server thread/INFO] (airdefense) [airdefense] city Старое Камышино (LARGE, 1972 people, 87 buildings) at 2320, 110, 1916 -> Федерация Синегория
[15:01:33] [Server thread/INFO] (airdefense) [airdefense] city Верхнее Боровое (LARGE, 721 people, 124 buildings) at 1869, 97, 2256 -> Федерация Синегория
[15:01:33] [Server thread/INFO] (airdefense) [airdefense] city Новая Малиновка (MEDIUM, 590 people, 71 buildings) at 400, 104, 1377 -> Федерация Синегория
[15:01:33] [Server thread/INFO] (airdefense) [airdefense] slow tick 165 ms:; the rest (the game) 165 ms
[15:01:33] [Server thread/INFO] (airdefense) [airdefense] city Нижнее Петровское (LARGE, 951 people, 92 buildings) at 487, 70, 942 -> Федерация Синегория
[15:01:33] [Server thread/INFO] (airdefense) [airdefense] city Верхнее Камышино (LARGE, 941 people, 98 buildings) at 1050, 69, 545 -> Федерация Синегория
[15:01:33] [Server thread/INFO] (airdefense) [airdefense] city Новая Сосновка (MEDIUM, 571 people, 68 buildings) at 2741, 86, 1324 -> Федерация Синегория
[15:01:33] [Server thread/WARN] (Minecraft) Can't keep up! Is the server overloaded? Running 19785ms or 395 ticks behind
[15:01:33] [Server thread/INFO] (airdefense) [airdefense] slow tick 234 ms:; the rest (the game) 233 ms
[15:01:33] [Server thread/INFO] (airdefense) [airdefense] city Нижние Ключи (LARGE, 975 people, 154 buildings) at 2717, 97, 1813 -> Федерация Синегория
[15:01:33] [Server thread/INFO] (airdefense) [airdefense] city Большое Кузнецово (MEDIUM, 589 people, 61 buildings) at 2372, 95, 2379 -> Федерация Синегория
[15:01:33] [Server thread/INFO] (airdefense) [airdefense] city Верхнее Вишнёвое (LARGE, 967 people, 130 buildings) at 1983, 90, 2641 -> Федерация Синегория
[15:01:33] [Server thread/INFO] (airdefense) [airdefense] city Малое Гончарово (SMALL, 206 people, 15 buildings) at 321, 99, 5726 -> Королевство Луговия
[15:01:33] [Server thread/INFO] (airdefense) [airdefense] city Нижнее Боровое (LARGE, 1728 people, 106 buildings) at 1046, 72, 4535 -> Королевство Луговия
[15:01:33] [Server thread/INFO] (airdefense) [airdefense] city Нижняя Каменка (LARGE, 1642 people, 114 buildings) at 1283, 71, 4230 -> Королевство Луговия
[15:01:33] [Server thread/INFO] (airdefense) [airdefense] city Верхняя Покровка (LARGE, 1366 people, 89 buildings) at 1671, 69, 4251 -> Королевство Луговия
[15:01:33] [Server thread/INFO] (airdefense) [airdefense] city Малое Студёное (LARGE, 1412 people, 86 buildings) at 1819, 69, 4647 -> Королевство Луговия
[15:01:33] [Server thread/INFO] (airdefense) [airdefense] city Малое Камышино (LARGE, 1666 people, 105 buildings) at 2125, 68, 4173 -> Королевство Луговия
[15:01:33] [Server thread/INFO] (airdefense) [airdefense] city Новая Медовка (LARGE, 786 people, 152 buildings) at 2247, 69, 4696 -> Королевство Луговия
[15:01:33] [Server thread/INFO] (airdefense) [airdefense] city Старое Подгорное (LARGE, 816 people, 62 buildings) at 2024, 84, 5093 -> Королевство Луговия
[15:01:33] [Server thread/INFO] (airdefense) [airdefense] city Верхнее Троицкое (LARGE, 1498 people, 56 buildings) at 1651, 94, 5373 -> Королевство Луговия
[15:01:33] [Server thread/INFO] (airdefense) [airdefense] city Большая Липовка (LARGE, 1934 people, 44 buildings) at 1098, 76, 5293 -> Королевство Луговия
[15:01:33] [Server thread/INFO] (airdefense) [airdefense] city Верхние Курганы (LARGE, 1406 people, 114 buildings) at 717, 83, 4430 -> Королевство Луговия
[15:01:33] [Server thread/INFO] (airdefense) [airdefense] city Малый Хуторок (LARGE, 935 people, 84 buildings) at 834, 96, 4054 -> Королевство Луговия
[15:01:34] [Server thread/INFO] (airdefense) [airdefense] city Верхние Ручьи (LARGE, 769 people, 141 buildings) at 1294, 66, 3831 -> Королевство Луговия
[15:01:34] [Server thread/INFO] (airdefense) [airdefense] city Новая Яблоневка (LARGE, 1778 people, 84 buildings) at 1816, 66, 3893 -> Королевство Луговия
[15:01:34] [Server thread/INFO] (airdefense) [airdefense] city Нижнее Никольское (LARGE, 940 people, 152 buildings) at 852, 84, 3580 -> Королевство Луговия
[15:01:34] [Server thread/INFO] (airdefense) [airdefense] city Новое Никольское (LARGE, 822 people, 120 buildings) at 1464, 65, 3391 -> Королевство Луговия
[15:01:34] [Server thread/INFO] (airdefense) [airdefense] city Большая Полянка (MEDIUM, 477 people, 70 buildings) at 1882, 73, 3458 -> Королевство Луговия
[15:01:34] [Server thread/INFO] (airdefense) [airdefense] city Верхняя Липовка (MEDIUM, 554 people, 50 buildings) at 2444, 70, 3977 -> Королевство Луговия
[15:01:34] [Server thread/INFO] (airdefense) [airdefense] city Новая Рябиновка (LARGE, 779 people, 129 buildings) at 2613, 71, 4436 -> Королевство Луговия
[15:01:34] [Server thread/INFO] (airdefense) [airdefense] city Старое Березино (LARGE, 728 people, 133 buildings) at 2263, 76, 5437 -> Королевство Луговия
[15:01:34] [Server thread/INFO] (airdefense) [airdefense] city Малая Рябиновка (LARGE, 835 people, 152 buildings) at 1730, 94, 5716 -> Королевство Луговия
[15:01:34] [Server thread/INFO] (airdefense) [airdefense] city Большие Ключи (MEDIUM, 345 people, 85 buildings) at 1212, 70, 5730 -> Королевство Луговия
[15:01:34] [Server thread/INFO] (airdefense) [airdefense] city Малое Подгорное (MEDIUM, 461 people, 35 buildings) at 710, 70, 5525 -> Королевство Луговия
[15:01:34] [Server thread/INFO] (airdefense) [airdefense] city Нижняя Полянка (LARGE, 977 people, 92 buildings) at 319, 65, 4967 -> Королевство Луговия
[15:01:34] [Server thread/INFO] (airdefense) [airdefense] city Новое Подгорное (LARGE, 863 people, 80 buildings) at 267, 79, 4519 -> Королевство Луговия
[15:01:34] [Server thread/INFO] (airdefense) [airdefense] city Верхняя Яблоневка (LARGE, 833 people, 127 buildings) at 504, 84, 3860 -> Королевство Луговия
[15:01:34] [Server thread/INFO] (airdefense) [airdefense] city Верхнее Никольское (LARGE, 1702 people, 85 buildings) at 4518, 81, -4311 -> Княжество Угория
[15:01:34] [Server thread/INFO] (airdefense) [airdefense] city Нижняя Сосновка (LARGE, 731 people, 92 buildings) at 4339, 69, -4654 -> Княжество Угория
[15:01:34] [Server thread/INFO] (airdefense) [airdefense] city Новые Ключи (LARGE, 1512 people, 83 buildings) at 4560, 82, -5000 -> Княжество Угория
[15:01:34] [Server thread/INFO] (airdefense) [airdefense] city Малое Березино (LARGE, 1954 people, 88 buildings) at 4966, 105, -4973 -> Княжество Угория
[15:01:34] [Server thread/INFO] (airdefense) [airdefense] city Большая Медовка (LARGE, 1510 people, 50 buildings) at 4961, 91, -4300 -> Княжество Угория
[15:01:34] [Server thread/INFO] (airdefense) [airdefense] city Старый Хуторок (LARGE, 1808 people, 81 buildings) at 5003, 95, -5395 -> Княжество Угория
[15:01:34] [Server thread/INFO] (airdefense) [airdefense] city Старые Черёмушки (LARGE, 1940 people, 74 buildings) at 5359, 78, -4173 -> Княжество Угория
[15:01:34] [Server thread/INFO] (airdefense) [airdefense] city Новые Ручьи (LARGE, 837 people, 124 buildings) at 4555, 70, -3878 -> Княжество Угория
[15:01:34] [Server thread/INFO] (airdefense) [airdefense] city Большое Петровское (LARGE, 1926 people, 72 buildings) at 4102, 69, -4130 -> Княжество Угория
[15:01:34] [Server thread/INFO] (airdefense) [airdefense] city Малое Петровское (LARGE, 1736 people, 97 buildings) at 3931, 67, -4589 -> Княжество Угория
[15:01:34] [Server thread/INFO] (airdefense) [airdefense] city Верхняя Рябиновка (LARGE, 1642 people, 53 buildings) at 4126, 68, -5129 -> Княжество Угория
[15:01:34] [Server thread/INFO] (airdefense) [airdefense] city Новое Степное (LARGE, 994 people, 68 buildings) at 4462, 85, -5401 -> Княжество Угория
[15:01:34] [Server thread/INFO] (airdefense) [airdefense] city Новая Ивановка (MEDIUM, 517 people, 72 buildings) at 5234, 68, -3585 -> Княжество Угория
[15:01:34] [Server thread/INFO] (airdefense) [airdefense] city Верхняя Медовка (LARGE, 652 people, 86 buildings) at 4679, 69, -3459 -> Княжество Угория
[15:01:34] [Server thread/INFO] (airdefense) [airdefense] city Новое Луговое (MEDIUM, 470 people, 55 buildings) at 4209, 69, -3612 -> Княжество Угория
[15:01:34] [Server thread/INFO] (airdefense) [airdefense] city Нижнее Заречье (MEDIUM, 619 people, 70 buildings) at 3701, 66, -4097 -> Княжество Угория
[15:01:34] [Server thread/INFO] (airdefense) [airdefense] city Нижняя Калиновка (LARGE, 695 people, 129 buildings) at 3570, 69, -4428 -> Княжество Угория
[15:01:34] [Server thread/INFO] (airdefense) [airdefense] city Большое Мельничное (LARGE, 882 people, 105 buildings) at 3616, 66, -5089 -> Княжество Угория
[15:01:34] [Server thread/INFO] (airdefense) [airdefense] city Малое Кузнецово (LARGE, 916 people, 134 buildings) at 3898, 64, -5506 -> Княжество Угория
[15:01:35] [Server thread/INFO] (airdefense) [airdefense] slow tick 155 ms:; the rest (the game) 155 ms
[15:01:35] [Server thread/INFO] (airdefense) [airdefense] city Верхнее Мельничное (MEDIUM, 460 people, 69 buildings) at 5478, 96, -5556 -> Княжество Угория
[15:01:35] [Server thread/INFO] (airdefense) [airdefense] city Нижнее Подгорное (LARGE, 1482 people, 59 buildings) at 4498, 65, -1143 -> Земля Ратония
[15:01:35] [Server thread/INFO] (airdefense) [airdefense] city Новое Петровское (LARGE, 1958 people, 39 buildings) at 4227, 68, -1404 -> Земля Ратония
[15:01:35] [Server thread/INFO] (airdefense) [airdefense] city Нижний Ольховец (LARGE, 1374 people, 77 buildings) at 4330, 68, -1841 -> Земля Ратония
[15:01:35] [Server thread/INFO] (airdefense) [airdefense] city Большое Никольское (LARGE, 1574 people, 42 buildings) at 4742, 70, -1921 -> Земля Ратония
[15:01:35] [Server thread/INFO] (airdefense) [airdefense] city Новое Березино (LARGE, 1378 people, 78 buildings) at 4979, 67, -1605 -> Земля Ратония
[15:01:35] [Server thread/INFO] (airdefense) [airdefense] city Нижние Ветряки (LARGE, 799 people, 96 buildings) at 4913, 70, -1227 -> Земля Ратония
[15:01:35] [Server thread/INFO] (airdefense) [airdefense] city Нижнее Мельничное (LARGE, 724 people, 80 buildings) at 5233, 69, -1043 -> Земля Ратония
[15:01:35] [Server thread/INFO] (airdefense) [airdefense] city Малое Степное (LARGE, 935 people, 74 buildings) at 4764, 64, -753 -> Земля Ратония
[15:01:35] [Server thread/INFO] (airdefense) [airdefense] city Старая Липовка (LARGE, 1504 people, 76 buildings) at 4259, 68, -822 -> Земля Ратония
[15:01:35] [Server thread/INFO] (airdefense) [airdefense] city Большое Подгорное (LARGE, 931 people, 92 buildings) at 3976, 68, -1090 -> Земля Ратония
[15:01:35] [Server thread/INFO] (airdefense) [airdefense] city Нижнее Студёное (LARGE, 759 people, 113 buildings) at 3802, 66, -1546 -> Земля Ратония
[15:01:35] [Server thread/INFO] (airdefense) [airdefense] siren put up at 1537, 90, 1444
[15:01:35] [Server thread/INFO] (airdefense) [airdefense] city Нижние Курганы (LARGE, 939 people, 126 buildings) at 3986, 68, -2010 -> Земля Ратония
[15:01:35] [Server thread/INFO] (airdefense) [airdefense] city Старое Степное (LARGE, 784 people, 83 buildings) at 4344, 66, -2329 -> Земля Ратония
[15:01:35] [Server thread/INFO] (airdefense) [airdefense] city Старые Пригорки (LARGE, 1446 people, 48 buildings) at 4827, 71, -2254 -> Земля Ратония
[15:01:35] [Server thread/INFO] (airdefense) [airdefense] city Большие Черёмушки (LARGE, 1798 people, 68 buildings) at 5211, 68, -1995 -> Земля Ратония
[15:01:35] [Server thread/INFO] (airdefense) [airdefense] city Большие Ветряки (LARGE, 810 people, 90 buildings) at 5430, 69, -683 -> Земля Ратония
[15:01:35] [Server thread/INFO] (airdefense) [airdefense] city Новая Липовка (LARGE, 675 people, 86 buildings) at 4873, 65, -401 -> Земля Ратония
[15:01:36] [Server thread/INFO] (airdefense) [airdefense] slow tick 250 ms:; the rest (the game) 250 ms
[15:01:36] [Server thread/INFO] (airdefense) [airdefense] city Старые Озерки (MEDIUM, 336 people, 59 buildings) at 4415, 68, -396 -> Земля Ратония
[15:01:36] [Server thread/INFO] (airdefense) [airdefense] city Нижние Овражки (MEDIUM, 413 people, 34 buildings) at 3859, 80, -689 -> Земля Ратония
[15:01:36] [Server thread/INFO] (airdefense) [airdefense] city Новый Хуторок (MEDIUM, 423 people, 65 buildings) at 3479, 82, -1164 -> Земля Ратония
[15:01:36] [Server thread/INFO] (airdefense) [airdefense] city Нижнее Верболозье (LARGE, 679 people, 92 buildings) at 3404, 71, -1599 -> Земля Ратония
[15:01:36] [Server thread/INFO] (airdefense) [airdefense] city Нижние Ручьи (LARGE, 708 people, 94 buildings) at 3635, 66, -2240 -> Земля Ратония
[15:01:36] [Server thread/INFO] (airdefense) [airdefense] city Малое Вишнёвое (MEDIUM, 544 people, 78 buildings) at 4111, 70, -2608 -> Земля Ратония
[15:01:36] [Server thread/INFO] (airdefense) [airdefense] city Старая Медовка (LARGE, 705 people, 94 buildings) at 4634, 70, -2717 -> Земля Ратония
[15:01:36] [Server thread/INFO] (airdefense) [airdefense] city Новые Овражки (MEDIUM, 336 people, 60 buildings) at 5224, 68, -2557 -> Земля Ратония
[15:01:36] [Server thread/INFO] (airdefense) [airdefense] city Верхние Ветряки (LARGE, 805 people, 93 buildings) at 5641, 65, -1004 -> Земля Ратония
[15:01:36] [Server thread/INFO] (airdefense) [airdefense] city Новое Боровое (LARGE, 1734 people, 74 buildings) at 4824, 75, 1415 -> Королевство Лиравия
[15:01:36] [Server thread/INFO] (airdefense) [airdefense] city Нижняя Малиновка (LARGE, 1892 people, 64 buildings) at 4911, 77, 1758 -> Королевство Лиравия
[15:01:36] [Server thread/INFO] (airdefense) [airdefense] city Старые Ключи (LARGE, 844 people, 100 buildings) at 4167, 64, 1767 -> Королевство Лиравия
[15:01:36] [Server thread/INFO] (airdefense) [airdefense] city Малое Луговое (LARGE, 1642 people, 62 buildings) at 5294, 85, 1880 -> Королевство Лиравия
[15:01:36] [Server thread/INFO] (airdefense) [airdefense] city Большое Ракитное (LARGE, 1786 people, 79 buildings) at 4918, 94, 2280 -> Королевство Лиравия
[15:01:36] [Server thread/INFO] (airdefense) [airdefense] city Старое Вишнёвое (LARGE, 924 people, 111 buildings) at 4422, 78, 2384 -> Королевство Лиравия
[15:01:36] [Server thread/INFO] (airdefense) [airdefense] city Нижнее Луговое (LARGE, 1428 people, 96 buildings) at 4084, 70, 2224 -> Королевство Лиравия
[15:01:36] [Server thread/INFO] (airdefense) [airdefense] city Большое Заречье (LARGE, 1612 people, 76 buildings) at 3754, 71, 1733 -> Королевство Лиравия
[15:01:36] [Server thread/INFO] (airdefense) [airdefense] city Верхняя Калиновка (LARGE, 1406 people, 72 buildings) at 3773, 80, 1297 -> Королевство Лиравия
[15:01:36] [Server thread/INFO] (airdefense) [airdefense] city Большие Ручьи (LARGE, 1670 people, 46 buildings) at 4113, 65, 908 -> Королевство Лиравия
[15:01:36] [Server thread/INFO] (airdefense) [airdefense] city Верхние Пригорки (LARGE, 966 people, 109 buildings) at 5327, 91, 1351 -> Королевство Лиравия
[15:01:36] [Server thread/INFO] (airdefense) [airdefense] city Нижнее Степное (MEDIUM, 447 people, 60 buildings) at 3494, 71, 1107 -> Королевство Лиравия
[15:01:36] [Server thread/INFO] (airdefense) [airdefense] city Верхние Овражки (LARGE, 944 people, 114 buildings) at 3791, 65, 641 -> Королевство Лиравия
[15:01:36] [Server thread/INFO] (airdefense) [airdefense] city Малая Семёновка (LARGE, 748 people, 105 buildings) at 4267, 64, 466 -> Королевство Лиравия
[15:01:36] [Server thread/INFO] (airdefense) [airdefense] city Малые Черёмушки (LARGE, 854 people, 145 buildings) at 4837, 64, 453 -> Королевство Лиравия
[15:01:37] [Server thread/INFO] (airdefense) [airdefense] slow tick 339 ms:; the rest (the game) 339 ms
[15:01:37] [Server thread/INFO] (airdefense) [airdefense] city Нижняя Медовка (LARGE, 973 people, 86 buildings) at 5320, 69, 686 -> Королевство Лиравия
[15:01:37] [Server thread/INFO] (airdefense) [airdefense] city Старая Малиновка (MEDIUM, 477 people, 54 buildings) at 5617, 80, 1144 -> Королевство Лиравия
[15:01:37] [Server thread/INFO] (airdefense) [airdefense] city Малые Курганы (LARGE, 764 people, 97 buildings) at 5712, 96, 1683 -> Королевство Лиравия
[15:01:37] [Server thread/INFO] (airdefense) [airdefense] city Нижняя Покровка (LARGE, 900 people, 112 buildings) at 5450, 88, 2307 -> Королевство Лиравия
[15:01:37] [Server thread/INFO] (airdefense) [airdefense] city Малое Мельничное (LARGE, 814 people, 87 buildings) at 5026, 108, 2708 -> Королевство Лиравия
[15:01:37] [Server thread/INFO] (airdefense) [airdefense] city Старое Гончарово (MEDIUM, 305 people, 67 buildings) at 3408, 67, 1586 -> Королевство Лиравия
[15:01:37] [Server thread/INFO] (airdefense) [airdefense] hamlet Верхняя Пасека (7 buildings) at 13, 71, -2370 -> Королевство Арвения
[15:01:37] [Server thread/INFO] (airdefense) [airdefense] hamlet Малая Полянка (6 buildings) at -252, 73, 744 -> Княжество Яргения
[15:01:37] [Server thread/INFO] (airdefense) [airdefense] hamlet Старое Кузнецово (6 buildings) at -515, 127, 421 -> Княжество Яргения
[15:01:37] [Server thread/INFO] (airdefense) [airdefense] hamlet Новое Студёное (7 buildings) at 978, 72, 2985 -> Федерация Синегория
[15:01:37] [Server thread/INFO] (airdefense) [airdefense] slow tick 149 ms:; the rest (the game) 148 ms
[15:01:38] [Render thread/INFO] (Minecraft) Resizing Chunk Sections Command Buffer, capacity limit of 256 reached during a single frame. New capacity will be 512.
[15:01:38] [Server thread/INFO] (airdefense) [airdefense] siren put up at 1455, 90, 1525
[15:01:38] [Render thread/INFO] (Minecraft) Resizing Chunk Sections Instanced, capacity limit of 128 reached during a single frame. New capacity will be 256.
[15:01:39] [Server thread/INFO] (airdefense) [airdefense] village Новая Семёновка at 1312, 73, 1248 -> Земля Ветрания
[15:01:39] [Server thread/INFO] (airdefense) [airdefense] slow tick 89 ms: nations 11 ms (1) arsenals 10 ms (1); the rest (the game) 66 ms
[15:01:40] [Server thread/INFO] (airdefense) [airdefense] siren put up at 1315, 78, 1250
[15:01:40] [Server thread/INFO] (airdefense) [airdefense] slow tick 140 ms:; the rest (the game) 139 ms
[15:01:41] [Server thread/INFO] (airdefense) [airdefense] slow tick 504 ms:; the rest (the game) 503 ms
[15:01:44] [Server thread/INFO] (airdefense) [airdefense-test] AD GEPARD active=true moving=false still=39 march=0 mode=1 ammo=30 fireTimer=0 tracked=- threats in range 0
[15:01:44] [Server thread/INFO] (airdefense) [airdefense] slow tick 114 ms:; the rest (the game) 113 ms
[15:01:44] [Server thread/INFO] (airdefense) [airdefense] slow tick 79 ms: nations 3 ms (1) economy 2 ms (1); the rest (the game) 73 ms
[15:01:44] [Server thread/INFO] (airdefense) [airdefense] siren put up at 1553, 90, 1554
[15:01:45] [Render thread/INFO] (Minecraft) Resizing Chunk Sections Command Buffer, capacity limit of 512 reached during a single frame. New capacity will be 1024.
[15:01:48] [Server thread/INFO] (airdefense) [airdefense] slow tick 197 ms:; the rest (the game) 197 ms
[15:01:48] [Server thread/INFO] (airdefense) [airdefense] slow tick 177 ms:; the rest (the game) 176 ms
[15:01:48] [Server thread/INFO] (airdefense) [airdefense-test] AD GEPARD active=true moving=false still=79 march=0 mode=1 ammo=30 fireTimer=0 tracked=- threats in range 0
[15:01:48] [Server thread/INFO] (airdefense) [airdefense-test] AD NASAMS active=true moving=false still=39 march=0 mode=1 ammo=6 fireTimer=0 tracked=- threats in range 0
[15:01:48] [Server thread/INFO] (airdefense) [airdefense] slow tick 88 ms: vehicles 0 ms (5); the rest (the game) 87 ms
[15:01:49] [Render thread/INFO] (Minecraft) Resizing Chunk Sections Instanced, capacity limit of 256 reached during a single frame. New capacity will be 512.
[15:01:51] [Server thread/INFO] (airdefense) [airdefense] slow tick 249 ms: vehicles 0 ms (7); the rest (the game) 247 ms
[15:01:51] [Server thread/INFO] (airdefense) [airdefense] slow tick 174 ms: vehicles 0 ms (7); the rest (the game) 173 ms
[15:01:52] [Server thread/INFO] (airdefense) [airdefense] slow tick 211 ms:; the rest (the game) 210 ms
[15:01:52] [Server thread/INFO] (airdefense) [airdefense] slow tick 182 ms: vehicles 2 ms (7); the rest (the game) 180 ms
[15:01:52] [Server thread/INFO] (airdefense) [airdefense] slow tick 141 ms:; the rest (the game) 140 ms
[15:01:53] [Server thread/INFO] (airdefense) [airdefense-test] AD GEPARD active=true moving=false still=119 march=0 mode=1 ammo=30 fireTimer=0 tracked=- threats in range 0
[15:01:53] [Server thread/INFO] (airdefense) [airdefense-test] AD NASAMS active=true moving=false still=79 march=0 mode=1 ammo=6 fireTimer=0 tracked=- threats in range 0
[15:01:53] [Server thread/INFO] (airdefense) [airdefense] slow tick 71 ms: nations 1 ms (1) arsenals 1 ms (1) vehicles 1 ms (7); the rest (the game) 66 ms
[15:01:54] [Server thread/INFO] (airdefense) [airdefense] siren put up at 1442, 78, 1181
[15:01:55] [Server thread/INFO] (airdefense) [airdefense] slow tick 248 ms:; the rest (the game) 246 ms
[15:01:56] [Server thread/INFO] (airdefense) [airdefense] slow tick 232 ms:; the rest (the game) 231 ms
[15:01:57] [Server thread/INFO] (airdefense) [airdefense] slow tick 191 ms:; the rest (the game) 190 ms
[15:01:57] [Server thread/INFO] (airdefense) [airdefense] siren put up at 1625, 90, 1590
[15:01:58] [Server thread/INFO] (airdefense) [airdefense-test] AD GEPARD active=true moving=false still=159 march=0 mode=1 ammo=30 fireTimer=0 tracked=- threats in range 0
[15:01:58] [Server thread/INFO] (airdefense) [airdefense-test] AD NASAMS active=true moving=false still=119 march=0 mode=1 ammo=6 fireTimer=0 tracked=- threats in range 0
[15:02:01] [Server thread/INFO] (airdefense) [airdefense-test] AD PATRIOT active=true moving=false still=39 march=0 mode=1 ammo=8 fireTimer=0 tracked=- threats in range 0
[15:02:02] [Server thread/INFO] (airdefense) [airdefense] slow tick 174 ms:; the rest (the game) 172 ms
[15:02:03] [Server thread/INFO] (airdefense) [airdefense] slow tick 307 ms: vehicles 0 ms (12); the rest (the game) 306 ms
[15:02:03] [Server thread/INFO] (airdefense) [airdefense-test] AD GEPARD active=true moving=false still=199 march=0 mode=1 ammo=30 fireTimer=0 tracked=- threats in range 0
[15:02:03] [Server thread/INFO] (airdefense) [airdefense-test] AD NASAMS active=true moving=false still=159 march=0 mode=1 ammo=6 fireTimer=0 tracked=- threats in range 0
[15:02:04] [Server thread/INFO] (airdefense) [airdefense-test] AD IRIS_T active=true moving=false still=39 march=0 mode=1 ammo=8 fireTimer=0 tracked=- threats in range 0
[15:02:04] [Server thread/INFO] (airdefense) [airdefense] siren put up at 1647, 90, 1505
[15:02:04] [Server thread/INFO] (airdefense) [airdefense] siren put up at 1167, 80, 1498
[15:02:06] [Server thread/INFO] (airdefense) [airdefense-test] AD PATRIOT active=true moving=false still=79 march=0 mode=1 ammo=8 fireTimer=0 tracked=- threats in range 0
[15:02:06] [Server thread/INFO] (airdefense) [airdefense-test] AD GEPARD active=true moving=false still=39 march=0 mode=1 ammo=30 fireTimer=0 tracked=- threats in range 0
[15:02:07] [Server thread/INFO] (airdefense) [airdefense] siren put up at 1516, 90, 1636
[15:02:08] [Server thread/INFO] (airdefense) [airdefense-test] AD GEPARD active=true moving=false still=239 march=0 mode=1 ammo=30 fireTimer=0 tracked=- threats in range 0
[15:02:08] [Server thread/INFO] (airdefense) [airdefense-test] AD NASAMS active=true moving=false still=199 march=0 mode=1 ammo=6 fireTimer=0 tracked=- threats in range 0
[15:02:09] [Server thread/INFO] (airdefense) [airdefense-test] AD IRIS_T active=true moving=false still=79 march=0 mode=1 ammo=8 fireTimer=0 tracked=- threats in range 0
[15:02:09] [Server thread/WARN] (Minecraft) Can't keep up! Is the server overloaded? Running 21031ms or 420 ticks behind
[15:02:11] [Server thread/INFO] (airdefense) [airdefense-test] AD PATRIOT active=true moving=false still=119 march=0 mode=1 ammo=8 fireTimer=0 tracked=- threats in range 0
[15:02:11] [Server thread/INFO] (airdefense) [airdefense-test] AD GEPARD active=true moving=false still=79 march=0 mode=1 ammo=30 fireTimer=0 tracked=- threats in range 0
[15:02:13] [Server thread/INFO] (airdefense) [airdefense-test] AD GEPARD active=true moving=false still=279 march=0 mode=1 ammo=30 fireTimer=0 tracked=- threats in range 0
[15:02:13] [Server thread/INFO] (airdefense) [airdefense-test] AD NASAMS active=true moving=false still=239 march=0 mode=1 ammo=6 fireTimer=0 tracked=- threats in range 0
[15:02:14] [Server thread/INFO] (airdefense) [airdefense-test] AD IRIS_T active=true moving=false still=119 march=0 mode=1 ammo=8 fireTimer=0 tracked=- threats in range 0
[15:02:14] [Server thread/INFO] (airdefense) [airdefense] slow tick 66 ms: nations 3 ms (1) vehicles 0 ms (12); the rest (the game) 62 ms
[15:02:16] [Server thread/INFO] (airdefense) [airdefense-test] AD PATRIOT active=true moving=false still=159 march=0 mode=1 ammo=8 fireTimer=0 tracked=- threats in range 0
[15:02:16] [Server thread/INFO] (airdefense) [airdefense-test] AD GEPARD active=true moving=false still=119 march=0 mode=1 ammo=30 fireTimer=0 tracked=- threats in range 0
[15:02:16] [Render thread/INFO] (Minecraft) Resizing Chunk Sections Command Buffer, capacity limit of 1024 reached during a single frame. New capacity will be 2048.
[15:02:16] [Render thread/INFO] (Minecraft) Resizing Chunk Sections Instanced, capacity limit of 512 reached during a single frame. New capacity will be 1024.
[15:02:16] [Server thread/INFO] (airdefense) [airdefense] siren put up at 1129, 80, 1362
[15:02:16] [Server thread/INFO] (Minecraft) System chat: Player0 телепортирован в точку 1611.000000, 244.000000, 1600.000000
[15:02:17] [Server thread/INFO] (airdefense) [airdefense] slow tick 62 ms: vehicles 0 ms (12); the rest (the game) 61 ms
[15:02:18] [Server thread/INFO] (airdefense) [airdefense-test] AD GEPARD active=true moving=false still=319 march=0 mode=1 ammo=30 fireTimer=0 tracked=- threats in range 0
[15:02:18] [Server thread/INFO] (airdefense) [airdefense-test] AD NASAMS active=true moving=false still=279 march=0 mode=1 ammo=6 fireTimer=0 tracked=- threats in range 0
[15:02:18] [Server thread/INFO] (airdefense) [airdefense-test] AD IRIS_T active=true moving=false still=159 march=0 mode=1 ammo=8 fireTimer=0 tracked=- threats in range 0
[15:02:19] [Server thread/INFO] (airdefense) [airdefense] slow tick 187 ms:; the rest (the game) 186 ms
[15:02:19] [Server thread/INFO] (airdefense) [airdefense] slow tick 115 ms: vehicles 0 ms (12); the rest (the game) 114 ms
[15:02:20] [Server thread/INFO] (airdefense) [airdefense-test] AD PATRIOT active=true moving=false still=199 march=0 mode=1 ammo=8 fireTimer=0 tracked=- threats in range 0
[15:02:20] [Server thread/INFO] (airdefense) [airdefense-test] AD GEPARD active=true moving=false still=159 march=0 mode=1 ammo=30 fireTimer=0 tracked=- threats in range 0
[15:02:22] [Server thread/INFO] (airdefense) [airdefense-test] AD GEPARD active=true moving=false still=359 march=0 mode=1 ammo=30 fireTimer=0 tracked=- threats in range 0
[15:02:22] [Server thread/INFO] (airdefense) [airdefense-test] AD NASAMS active=true moving=false still=319 march=0 mode=1 ammo=6 fireTimer=0 tracked=- threats in range 0
[15:02:23] [Server thread/INFO] (airdefense) [airdefense] slow tick 114 ms: vehicles 0 ms (16); the rest (the game) 113 ms
[15:02:23] [Server thread/INFO] (airdefense) [airdefense-test] AD IRIS_T active=true moving=false still=199 march=0 mode=1 ammo=8 fireTimer=0 tracked=- threats in range 0
[15:02:24] [Server thread/INFO] (airdefense) [airdefense] slow tick 175 ms: vehicles 0 ms (16); the rest (the game) 174 ms
[15:02:25] [Server thread/INFO] (airdefense) [airdefense-test] AD PATRIOT active=true moving=false still=239 march=0 mode=1 ammo=8 fireTimer=0 tracked=- threats in range 0
[15:02:25] [Server thread/INFO] (airdefense) [airdefense-test] AD GEPARD active=true moving=false still=199 march=0 mode=1 ammo=30 fireTimer=0 tracked=- threats in range 0
[15:02:25] [Server thread/INFO] (airdefense) [airdefense] slow tick 147 ms: vehicles 0 ms (17); the rest (the game) 145 ms
[15:02:26] [Server thread/INFO] (airdefense) [airdefense] slow tick 161 ms: vehicles 0 ms (17); the rest (the game) 160 ms
[15:02:26] [Server thread/INFO] (airdefense) [airdefense] slow tick 106 ms: nations 7 ms (1); the rest (the game) 98 ms
[15:02:27] [Server thread/INFO] (airdefense) [airdefense-test] AD GEPARD active=true moving=false still=399 march=0 mode=1 ammo=30 fireTimer=0 tracked=- threats in range 0
[15:02:27] [Server thread/INFO] (airdefense) [airdefense-test] AD NASAMS active=true moving=false still=359 march=0 mode=1 ammo=6 fireTimer=0 tracked=- threats in range 0
[15:02:27] [Server thread/INFO] (airdefense) [airdefense-test] AD IRIS_T active=true moving=false still=239 march=0 mode=1 ammo=8 fireTimer=0 tracked=- threats in range 0
[15:02:29] [Server thread/INFO] (airdefense) [airdefense-test] AD PATRIOT active=true moving=false still=279 march=0 mode=1 ammo=8 fireTimer=0 tracked=- threats in range 0
[15:02:29] [Server thread/INFO] (airdefense) [airdefense-test] AD GEPARD active=true moving=false still=239 march=0 mode=1 ammo=30 fireTimer=0 tracked=- threats in range 0
[15:02:31] [Server thread/INFO] (airdefense) [airdefense] slow tick 178 ms: vehicles 0 ms (15); the rest (the game) 177 ms
[15:02:31] [Server thread/INFO] (airdefense) [airdefense-test] AD NASAMS active=true moving=false still=399 march=0 mode=1 ammo=6 fireTimer=0 tracked=- threats in range 0
[15:02:32] [Server thread/INFO] (airdefense) [airdefense-test] AD IRIS_T active=true moving=false still=279 march=0 mode=1 ammo=8 fireTimer=0 tracked=- threats in range 0
[15:02:32] [Server thread/INFO] (airdefense) [airdefense] slow tick 165 ms: nations 0 ms (1); the rest (the game) 163 ms
[15:02:32] [Server thread/INFO] (airdefense) [airdefense] siren put up at 1642, 94, 1796
[15:02:33] [Server thread/INFO] (airdefense) [airdefense] slow tick 199 ms: vehicles 0 ms (13); the rest (the game) 197 ms
[15:02:33] [Server thread/INFO] (airdefense) [airdefense] slow tick 113 ms: vehicles 0 ms (13); the rest (the game) 112 ms
[15:02:34] [Server thread/INFO] (airdefense) [airdefense-test] AD PATRIOT active=true moving=false still=319 march=0 mode=1 ammo=8 fireTimer=0 tracked=- threats in range 0
[15:02:34] [Server thread/INFO] (airdefense) [airdefense-test] AD GEPARD active=true moving=false still=279 march=0 mode=1 ammo=30 fireTimer=0 tracked=- threats in range 0
[15:02:36] [Server thread/INFO] (airdefense) [airdefense-test] AD NASAMS active=true moving=false still=439 march=0 mode=1 ammo=6 fireTimer=0 tracked=- threats in range 0
[15:02:37] [Server thread/INFO] (airdefense) [airdefense] slow tick 185 ms:; the rest (the game) 184 ms
[15:02:37] [Server thread/INFO] (airdefense) [airdefense-test] AD IRIS_T active=true moving=false still=319 march=0 mode=1 ammo=8 fireTimer=0 tracked=- threats in range 0
[15:02:37] [Server thread/INFO] (airdefense) [airdefense] slow tick 168 ms: vehicles 0 ms (13); the rest (the game) 167 ms
[15:02:37] [Server thread/INFO] (airdefense) [airdefense] slow tick 90 ms:; the rest (the game) 89 ms
[15:02:38] [Server thread/INFO] (airdefense) [airdefense] slow tick 199 ms: vehicles 0 ms (13); the rest (the game) 198 ms
[15:02:39] [Server thread/INFO] (airdefense) [airdefense-test] AD PATRIOT active=true moving=false still=359 march=0 mode=1 ammo=8 fireTimer=0 tracked=- threats in range 0
[15:02:39] [Server thread/INFO] (airdefense) [airdefense-test] AD GEPARD active=true moving=false still=319 march=0 mode=1 ammo=30 fireTimer=0 tracked=- threats in range 0
[15:02:39] [Server thread/INFO] (airdefense) [airdefense] slow tick 178 ms: vehicles 0 ms (13); the rest (the game) 177 ms
[15:02:41] [Server thread/INFO] (airdefense) [airdefense-test] AD NASAMS active=true moving=false still=479 march=0 mode=1 ammo=6 fireTimer=0 tracked=- threats in range 0
[15:02:42] [Server thread/INFO] (airdefense) [airdefense-test] AD IRIS_T active=true moving=false still=359 march=0 mode=1 ammo=8 fireTimer=0 tracked=- threats in range 0
[15:02:44] [Server thread/INFO] (airdefense) [airdefense] slow tick 215 ms:; the rest (the game) 214 ms
[15:02:44] [Server thread/INFO] (airdefense) [airdefense-test] AD PATRIOT active=true moving=false still=399 march=0 mode=1 ammo=8 fireTimer=0 tracked=- threats in range 0
[15:02:44] [Server thread/INFO] (airdefense) [airdefense-test] AD GEPARD active=true moving=false still=359 march=0 mode=1 ammo=30 fireTimer=0 tracked=- threats in range 0
[15:02:44] [Server thread/WARN] (Minecraft) Can't keep up! Is the server overloaded? Running 20513ms or 410 ticks behind
[15:02:44] [Server thread/INFO] (airdefense) [airdefense] slow tick 65 ms: nations 6 ms (1) vehicles 1 ms (13); the rest (the game) 56 ms
[15:02:46] [Server thread/INFO] (airdefense) [airdefense-test] AD NASAMS active=true moving=false still=519 march=0 mode=1 ammo=6 fireTimer=0 tracked=- threats in range 0
[15:02:47] [Server thread/INFO] (airdefense) [airdefense-test] AD IRIS_T active=true moving=false still=399 march=0 mode=1 ammo=8 fireTimer=0 tracked=- threats in range 0
[15:02:48] [Server thread/INFO] (airdefense) [airdefense] slow tick 174 ms: vehicles 0 ms (13); the rest (the game) 173 ms
[15:02:49] [Server thread/INFO] (airdefense) [airdefense-test] AD PATRIOT active=true moving=false still=439 march=0 mode=1 ammo=8 fireTimer=0 tracked=- threats in range 0
[15:02:49] [Server thread/INFO] (airdefense) [airdefense-test] AD GEPARD active=true moving=false still=399 march=0 mode=1 ammo=30 fireTimer=0 tracked=- threats in range 0
[15:02:49] [Server thread/INFO] (airdefense) [airdefense] slow tick 208 ms: vehicles 3 ms (13); the rest (the game) 204 ms
[15:02:51] [Server thread/INFO] (airdefense) [airdefense] slow tick 70 ms: vehicles 0 ms (13); the rest (the game) 68 ms
[15:02:51] [Server thread/INFO] (airdefense) [airdefense-test] AD NASAMS active=true moving=false still=559 march=0 mode=1 ammo=6 fireTimer=0 tracked=- threats in range 0
[15:02:52] [Server thread/INFO] (airdefense) [airdefense-test] AD IRIS_T active=true moving=false still=439 march=0 mode=1 ammo=8 fireTimer=0 tracked=- threats in range 0
[15:02:54] [Server thread/INFO] (airdefense) [airdefense] slow tick 120 ms:; the rest (the game) 119 ms
[15:02:54] [Server thread/INFO] (airdefense) [airdefense-test] AD PATRIOT active=true moving=false still=479 march=0 mode=1 ammo=8 fireTimer=0 tracked=- threats in range 0
[15:02:54] [Server thread/INFO] (airdefense) [airdefense-test] AD GEPARD active=true moving=false still=439 march=0 mode=1 ammo=30 fireTimer=0 tracked=- threats in range 0
[15:02:56] [Server thread/INFO] (airdefense) [airdefense-test] AD NASAMS active=true moving=false still=599 march=0 mode=1 ammo=6 fireTimer=0 tracked=- threats in range 0
[15:02:56] [Server thread/INFO] (airdefense) [airdefense-test] AD IRIS_T active=true moving=false still=479 march=0 mode=1 ammo=8 fireTimer=0 tracked=- threats in range 0
[15:02:58] [Server thread/INFO] (airdefense) [airdefense-test] AD PATRIOT active=true moving=false still=519 march=0 mode=1 ammo=8 fireTimer=0 tracked=- threats in range 0
[15:02:58] [Server thread/INFO] (airdefense) [airdefense-test] AD GEPARD active=true moving=false still=479 march=0 mode=1 ammo=30 fireTimer=0 tracked=- threats in range 0
[15:03:00] [Server thread/INFO] (airdefense) [airdefense-test] AD NASAMS active=true moving=false still=639 march=0 mode=1 ammo=6 fireTimer=0 tracked=- threats in range 0
[15:03:00] [Server thread/INFO] (airdefense) [airdefense-test] AD IRIS_T active=true moving=false still=519 march=0 mode=1 ammo=8 fireTimer=0 tracked=- threats in range 0
[15:03:02] [Server thread/INFO] (airdefense) [airdefense-test] AD PATRIOT active=true moving=false still=559 march=0 mode=1 ammo=8 fireTimer=0 tracked=- threats in range 0
[15:03:02] [Server thread/INFO] (airdefense) [airdefense-test] AD GEPARD active=true moving=false still=519 march=0 mode=1 ammo=30 fireTimer=0 tracked=- threats in range 0
[15:03:03] [Server thread/INFO] (Minecraft) System chat: Player0 телепортирован в точку 1317.000000, 133.000000, 1897.000000
[15:03:03] [Server thread/INFO] (airdefense) [airdefense] slow tick 156 ms: nations 0 ms (1) economy 0 ms (1); the rest (the game) 154 ms
[15:03:05] [Server thread/INFO] (airdefense) [airdefense] slow tick 1100 ms:; the rest (the game) 1099 ms
[15:03:05] [Server thread/INFO] (airdefense) [airdefense] slow tick 158 ms:; the rest (the game) 157 ms
[15:03:05] [Server thread/INFO] (airdefense) [airdefense] siren put up at 1274, 81, 1866
[15:03:06] [Server thread/INFO] (airdefense) [airdefense] slow tick 179 ms:; the rest (the game) 179 ms
[15:03:06] [Server thread/INFO] (airdefense) [airdefense-test] AD IRIS_T active=true moving=false still=559 march=0 mode=1 ammo=8 fireTimer=0 tracked=- threats in range 0
[15:03:06] [Server thread/INFO] (airdefense) [airdefense] slow tick 93 ms: nations 0 ms (1); the rest (the game) 91 ms
[15:03:06] [Server thread/INFO] (airdefense) [airdefense] slow tick 61 ms:; the rest (the game) 60 ms
[15:03:07] [Server thread/INFO] (airdefense) [airdefense] slow tick 92 ms:; the rest (the game) 92 ms
[15:03:07] [Server thread/INFO] (airdefense) [airdefense] slow tick 161 ms:; the rest (the game) 161 ms
[15:03:07] [Server thread/INFO] (airdefense) [airdefense] slow tick 84 ms: nations 0 ms (1); the rest (the game) 83 ms
[15:03:08] [Server thread/INFO] (airdefense) [airdefense-test] AD IRIS_T active=true moving=false still=599 march=0 mode=1 ammo=8 fireTimer=0 tracked=- threats in range 0
[15:03:12] [Server thread/INFO] (airdefense) [airdefense-test] AD IRIS_T active=true moving=false still=639 march=0 mode=1 ammo=8 fireTimer=0 tracked=- threats in range 0
[15:03:13] [Server thread/INFO] (airdefense) [airdefense] siren put up at 1237, 84, 1756
[15:03:14] [Server thread/INFO] (airdefense) [airdefense] slow tick 105 ms: vehicles 0 ms (3); the rest (the game) 103 ms
[15:03:16] [Server thread/WARN] (Minecraft) Can't keep up! Is the server overloaded? Running 16231ms or 324 ticks behind
[15:03:17] [Server thread/INFO] (airdefense) [airdefense-test] AD IRIS_T active=true moving=false still=679 march=0 mode=1 ammo=8 fireTimer=0 tracked=- threats in range 0
[15:03:22] [Server thread/INFO] (airdefense) [airdefense-test] AD IRIS_T active=true moving=false still=719 march=0 mode=1 ammo=8 fireTimer=0 tracked=- threats in range 0
[15:03:25] [Server thread/INFO] (airdefense) [airdefense] slow tick 182 ms:; the rest (the game) 182 ms
[15:03:27] [Server thread/INFO] (airdefense) [airdefense-test] AD IRIS_T active=true moving=false still=759 march=0 mode=1 ammo=8 fireTimer=0 tracked=- threats in range 0
[15:03:29] [Server thread/INFO] (airdefense) [airdefense] slow tick 314 ms:; the rest (the game) 313 ms
[15:03:41] [Render thread/INFO] (Minecraft) Resizing Chunk Sections Command Buffer, capacity limit of 2048 reached during a single frame. New capacity will be 4096.
[15:03:41] [Render thread/INFO] (Minecraft) Resizing Chunk Sections Instanced, capacity limit of 1024 reached during a single frame. New capacity will be 2048.
[15:03:41] [Server thread/INFO] (Minecraft) System chat: Player0 телепортирован в точку 1902.000000, 154.000000, 2289.000000
[15:03:42] [Server thread/INFO] (airdefense) [airdefense] slow tick 205 ms:; the rest (the game) 204 ms
[15:03:43] [Server thread/INFO] (airdefense) [airdefense] slow tick 320 ms:; the rest (the game) 320 ms
[15:03:43] [Server thread/INFO] (airdefense) [airdefense] slow tick 380 ms:; the rest (the game) 380 ms
[15:03:43] [Server thread/INFO] (airdefense) [airdefense] siren put up at 1859, 102, 2258
[15:03:44] [Server thread/INFO] (airdefense) [airdefense] slow tick 126 ms:; the rest (the game) 125 ms
[15:03:44] [Server thread/INFO] (airdefense) [airdefense] slow tick 297 ms:; the rest (the game) 296 ms
[15:03:44] [Server thread/INFO] (airdefense) [airdefense] slow tick 269 ms:; the rest (the game) 269 ms
[15:03:45] [Server thread/INFO] (airdefense) [airdefense] slow tick 180 ms:; the rest (the game) 179 ms
[15:03:45] [Server thread/INFO] (airdefense) [airdefense] slow tick 99 ms:; the rest (the game) 98 ms
[15:03:46] [Server thread/INFO] (airdefense) [airdefense] slow tick 346 ms:; the rest (the game) 345 ms
[15:03:46] [Server thread/INFO] (airdefense) [airdefense] slow tick 63 ms:; the rest (the game) 62 ms
[15:03:47] [Server thread/INFO] (airdefense) [airdefense] slow tick 121 ms:; the rest (the game) 121 ms
[15:03:47] [Server thread/INFO] (airdefense) [airdefense] slow tick 298 ms:; the rest (the game) 297 ms
[15:03:48] [Server thread/INFO] (airdefense) [airdefense] slow tick 86 ms:; the rest (the game) 85 ms
[15:03:48] [Server thread/INFO] (airdefense) [airdefense] slow tick 141 ms:; the rest (the game) 140 ms
[15:03:49] [Server thread/INFO] (airdefense) [airdefense] slow tick 79 ms:; the rest (the game) 78 ms
[15:03:49] [Server thread/INFO] (airdefense) [airdefense] slow tick 129 ms:; the rest (the game) 128 ms
[15:03:50] [Server thread/INFO] (airdefense) [airdefense] slow tick 244 ms:; the rest (the game) 244 ms
[15:03:51] [Server thread/INFO] (airdefense) [airdefense] slow tick 106 ms:; the rest (the game) 106 ms
[15:03:51] [Server thread/WARN] (Minecraft) Can't keep up! Is the server overloaded? Running 19950ms or 399 ticks behind
[15:03:51] [Server thread/INFO] (airdefense) [airdefense] slow tick 323 ms:; the rest (the game) 323 ms
[15:03:51] [Server thread/INFO] (airdefense) [airdefense] slow tick 147 ms:; the rest (the game) 147 ms
[15:03:53] [Server thread/INFO] (airdefense) [airdefense] slow tick 70 ms:; the rest (the game) 69 ms
[15:03:53] [Server thread/INFO] (airdefense) [airdefense] slow tick 372 ms:; the rest (the game) 371 ms
[15:03:55] [Server thread/INFO] (airdefense) [airdefense] slow tick 116 ms:; the rest (the game) 115 ms
[15:03:57] [Server thread/INFO] (airdefense) [airdefense] slow tick 193 ms:; the rest (the game) 193 ms
[15:03:58] [Server thread/INFO] (airdefense) [airdefense] slow tick 198 ms:; the rest (the game) 197 ms
[15:03:58] [Server thread/INFO] (airdefense) [airdefense] siren put up at 1895, 102, 2123
[15:03:59] [Server thread/INFO] (airdefense) [airdefense] slow tick 69 ms:; the rest (the game) 68 ms
[15:04:04] [Server thread/INFO] (airdefense) [airdefense] slow tick 138 ms: nations 1 ms (1); the rest (the game) 136 ms
[15:04:06] [Server thread/INFO] (airdefense) [airdefense] slow tick 466 ms:; the rest (the game) 465 ms
[15:04:07] [Server thread/INFO] (airdefense) [airdefense] slow tick 258 ms:; the rest (the game) 257 ms
[15:04:08] [Server thread/INFO] (airdefense) [airdefense] slow tick 83 ms:; the rest (the game) 82 ms
[15:04:08] [Server thread/INFO] (airdefense) [airdefense] slow tick 71 ms:; the rest (the game) 70 ms
[15:04:11] [Server thread/INFO] (Minecraft) System chat: Player0 телепортирован в точку 1722.000000, 146.000000, 1963.000000
[15:04:13] [Server thread/INFO] (airdefense) [airdefense] siren put up at 1679, 94, 1932
[15:04:13] [Server thread/INFO] (airdefense) [airdefense] slow tick 89 ms:; the rest (the game) 88 ms
[15:04:14] [Server thread/INFO] (airdefense) [airdefense] slow tick 77 ms:; the rest (the game) 77 ms
[15:04:16] [Server thread/WARN] (Minecraft) Can't keep up! Is the server overloaded? Running 10404ms or 208 ticks behind
[15:04:24] [Server thread/INFO] (airdefense) [airdefense] slow tick 90 ms:; the rest (the game) 89 ms
[15:04:29] [Server thread/INFO] (airdefense) [airdefense] slow tick 86 ms:; the rest (the game) 86 ms
[15:04:33] [Server thread/INFO] (airdefense) [airdefense] slow tick 128 ms: nations 0 ms (1) economy 0 ms (1); the rest (the game) 126 ms
[15:04:34] [Server thread/INFO] (airdefense) [airdefense] siren put up at 1492, 79, 2190
[15:04:38] [Server thread/INFO] (airdefense) [airdefense] slow tick 194 ms:; the rest (the game) 193 ms
[15:04:41] [Test thread/INFO] (airdefense) [airdefense-test] RESULT metro_chunks: 3201 town chunks made, avg 4367 us each
[15:04:41] [Server thread/INFO] (Minecraft) Player0 lost connection: Отключение
[15:04:41] [Server thread/INFO] (Minecraft) System chat: Player0 покинул игру
[15:04:41] [Server thread/INFO] (Minecraft) Stopping singleplayer server as player logged out
[15:04:41] [Server thread/INFO] (Minecraft) Changing view distance to 12, from 16
[15:04:41] [Server thread/INFO] (Minecraft) Stopping server
[15:04:41] [Server thread/INFO] (Minecraft) Saving players
[15:04:41] [Server thread/INFO] (Minecraft) Saving worlds
[15:04:42] [Server thread/INFO] (Minecraft) Saving chunks for level 'ServerLevel[New World]'/minecraft:overworld
[15:04:45] [Server thread/INFO] (Minecraft) Saving chunks for level 'ServerLevel[New World]'/minecraft:the_end
[15:04:45] [Server thread/INFO] (Minecraft) Saving chunks for level 'ServerLevel[New World]'/minecraft:the_nether
[15:04:46] [Render thread/INFO] (Minecraft) Stopping!
